-- phpMyAdmin SQL Dump
-- version 5.1.1deb5ubuntu1
-- https://www.phpmyadmin.net/
--
-- Host: localhost:3306
-- Generation Time: Jan 18, 2024 at 11:27 AM
-- Server version: 10.6.12-MariaDB-0ubuntu0.22.04.1
-- PHP Version: 8.1.2-1ubuntu2.14

SET SQL_MODE = "NO_AUTO_VALUE_ON_ZERO";
START TRANSACTION;
SET time_zone = "+00:00";


/*!40101 SET @OLD_CHARACTER_SET_CLIENT=@@CHARACTER_SET_CLIENT */;
/*!40101 SET @OLD_CHARACTER_SET_RESULTS=@@CHARACTER_SET_RESULTS */;
/*!40101 SET @OLD_COLLATION_CONNECTION=@@COLLATION_CONNECTION */;
/*!40101 SET NAMES utf8mb4 */;

--
-- Database: `kart`
--

-- --------------------------------------------------------

--
-- Table structure for table `acceleration_data`
--
DROP DATABASE kart;

CREATE DATABASE kart;

USE kart;


CREATE TABLE `acceleration_data` (
  `data_ID` int(11) NOT NULL,
  `acc_x` double NOT NULL,
  `acc_y` double NOT NULL,
  `acc_z` double NOT NULL
) ENGINE=InnoDB DEFAULT CHARSET=utf8mb4 COLLATE=utf8mb4_general_ci;

--
-- Dumping data for table `acceleration_data`
--

INSERT INTO `acceleration_data` (`data_ID`, `acc_x`, `acc_y`, `acc_z`) VALUES
(0, -0.982177734375, 0.00927734375, 0.016845703125),
(1, -0.98388671875, 0.005126953125, 0.01171875),
(2, -1.057373046875, -0.1328125, -0.000244140625),
(3, 0.73681640625, -0.248779296875, 0.557861328125),
(4, 0.704345703125, -0.77783203125, 0.188232421875),
(5, 0.25830078125, -0.8076171875, -0.5029296875),
(6, 0.035400390625, -0.52880859375, -0.888671875),
(7, -0.129150390625, -0.058837890625, -0.890869140625),
(8, -0.40380859375, 0.2265625, -0.65234375),
(9, -0.791748046875, 0.390625, -0.3994140625),
(10, -0.986083984375, 0.004638671875, 0.055419921875),
(11, 0, 0, 0),
(12, 0.3779296875, 0.943115234375, 0.1376953125),
(13, 0.381591796875, 0.9453125, 0.137939453125),
(14, 0.381591796875, 0.9384765625, 0.14208984375),
(15, 0.3828125, 0.9375, 0.14990234375),
(16, 0.37890625, 0.94775390625, 0.1552734375),
(17, 0.37939453125, 0.94091796875, 0.129150390625),
(18, 0.37841796875, 0.9423828125, 0.13134765625),
(19, 0.379150390625, 0.938720703125, 0.12744140625),
(20, -0.06591796875, 1.0029296875, 0.091796875),
(21, -0.070068359375, 1.004150390625, 0.084716796875),
(22, -0.06640625, 1.007080078125, 0.0859375),
(23, -0.06787109375, 1.00439453125, 0.085693359375),
(24, -0.072265625, 1.00537109375, 0.062744140625),
(25, -0.071533203125, 1.001220703125, 0.09130859375),
(26, -0.06689453125, 1.00146484375, 0.084716796875),
(27, -0.0712890625, 1.000244140625, 0.0732421875),
(28, -0.05712890625, 0.985595703125, 0.230224609375),
(29, -0.040283203125, 0.989501953125, 0.219482421875),
(30, -0.042236328125, 0.985595703125, 0.239501953125),
(31, -0.04052734375, 0.9921875, 0.236328125),
(32, -0.04296875, 0.989501953125, 0.2294921875),
(33, -0.0576171875, 0.990478515625, 0.219970703125),
(34, -0.038330078125, 0.994140625, 0.232666015625),
(35, -0.05078125, 0.991943359375, 0.226318359375),
(36, -0.03564453125, 0.99072265625, 0.236328125),
(37, -0.045166015625, 0.989501953125, 0.239501953125),
(38, -0.040771484375, 0.988525390625, 0.219970703125),
(39, -0.04052734375, 0.9951171875, 0.233154296875),
(40, -0.06103515625, 0.992431640625, 0.23681640625),
(41, -0.043701171875, 0.9873046875, 0.233154296875),
(42, -0.04345703125, 0.9912109375, 0.2392578125),
(43, -0.033203125, 0.988037109375, 0.247314453125),
(44, -0.04638671875, 0.986572265625, 0.2431640625),
(45, -0.03955078125, 0.991455078125, 0.230224609375),
(46, -0.0341796875, 0.989990234375, 0.23779296875),
(47, -0.0390625, 0.987060546875, 0.249755859375),
(48, -0.04296875, 0.98583984375, 0.23974609375),
(49, -0.044677734375, 0.993896484375, 0.24755859375),
(50, -0.044921875, 0.99560546875, 0.24951171875),
(51, -0.03564453125, 0.99853515625, 0.240234375),
(52, -0.04541015625, 0.9921875, 0.24462890625),
(53, -0.04345703125, 0.98486328125, 0.24462890625),
(54, -0.0380859375, 0.989990234375, 0.246826171875),
(55, -0.046630859375, 0.991455078125, 0.249267578125),
(56, -0.0400390625, 0.987060546875, 0.248779296875),
(57, -0.0439453125, 0.99072265625, 0.234375),
(58, -0.0390625, 0.990478515625, 0.238525390625),
(59, -0.045166015625, 0.99462890625, 0.244140625),
(60, -0.04296875, 0.988525390625, 0.238037109375),
(61, -0.058349609375, 0.985595703125, 0.244384765625),
(62, -0.034912109375, 0.988037109375, 0.23583984375),
(63, -0.0322265625, 0.9873046875, 0.240478515625),
(64, -0.0458984375, 0.992431640625, 0.23095703125),
(65, -0.040771484375, 0.99755859375, 0.22607421875),
(66, -0.0419921875, 0.99072265625, 0.2294921875),
(67, -0.04248046875, 0.9921875, 0.22021484375),
(68, -0.045166015625, 0.98583984375, 0.246337890625),
(69, -0.046142578125, 0.993896484375, 0.24462890625),
(70, -0.040771484375, 0.990966796875, 0.24951171875),
(71, -0.0419921875, 0.98828125, 0.24365234375),
(72, -0.041259765625, 0.993896484375, 0.221435546875),
(73, -0.04345703125, 0.994140625, 0.23583984375),
(74, -0.0419921875, 0.98828125, 0.249755859375),
(75, -0.042236328125, 0.985107421875, 0.231201171875),
(76, -0.031494140625, 0.984375, 0.222900390625),
(77, -0.04833984375, 0.99853515625, 0.242919921875),
(78, -0.0419921875, 0.991943359375, 0.2333984375),
(79, -0.04052734375, 0.99072265625, 0.2470703125),
(80, -0.03759765625, 0.997802734375, 0.246826171875),
(81, -0.040771484375, 0.97119140625, 0.249267578125),
(82, -0.0322265625, 0.989990234375, 0.2451171875),
(83, -0.03662109375, 0.988525390625, 0.23974609375),
(84, 0, 0, 0),
(85, -0.433837890625, 0.82958984375, -0.286376953125),
(86, -0.427734375, 0.831298828125, -0.27392578125),
(87, -0.422119140625, 0.833740234375, -0.267578125),
(88, -0.428955078125, 0.830810546875, -0.296630859375),
(89, -0.42529296875, 0.826171875, -0.28955078125),
(90, -0.425048828125, 0.828857421875, -0.290283203125),
(91, -0.421875, 0.843505859375, -0.284423828125),
(92, -0.41357421875, 0.831787109375, -0.296142578125),
(93, -0.43017578125, 0.833984375, -0.286376953125),
(94, -0.4365234375, 0.843505859375, -0.285400390625),
(95, -0.426025390625, 0.84326171875, -0.292236328125),
(96, -0.40966796875, 0.82080078125, -0.281005859375),
(97, -0.423828125, 0.830810546875, -0.2783203125),
(98, -0.430419921875, 0.828125, -0.285888671875),
(99, -0.434326171875, 0.829833984375, -0.287841796875),
(100, -0.421142578125, 0.826416015625, -0.295166015625),
(101, -0.42578125, 0.8251953125, -0.267333984375),
(102, -0.423583984375, 0.81298828125, -0.292236328125),
(103, -0.425537109375, 0.833251953125, -0.28173828125),
(104, 0, 0, 0),
(105, 0.37646484375, 0.653076171875, 0.758056640625),
(106, 0.37451171875, 0.64501953125, 0.769287109375),
(107, 0.389892578125, 0.654541015625, 0.75244140625),
(108, 0.37890625, 0.65234375, 0.7529296875),
(109, 0.390380859375, 0.6513671875, 0.754638671875),
(110, 0.3828125, 0.6611328125, 0.764404296875),
(111, 0.378173828125, 0.65625, 0.76123046875),
(112, 0.377685546875, 0.656005859375, 0.76220703125),
(113, 0.37939453125, 0.65625, 0.76953125),
(114, 0.3759765625, 0.656982421875, 0.766845703125),
(115, 0.38623046875, 0.654296875, 0.753173828125),
(116, 0.380859375, 0.64990234375, 0.751708984375),
(117, 0.3642578125, 0.65478515625, 0.750244140625),
(118, 0.35986328125, 0.651123046875, 0.780517578125),
(119, 0.37841796875, 0.656494140625, 0.767333984375),
(120, 0.368408203125, 0.650634765625, 0.766845703125),
(121, 0.381591796875, 0.66796875, 0.764892578125),
(122, 0.37939453125, 0.6513671875, 0.77880859375),
(123, 0.3779296875, 0.651611328125, 0.75634765625),
(124, 0.378662109375, 0.65380859375, 0.755126953125),
(125, 0.376708984375, 0.642333984375, 0.779541015625),
(126, 0.382568359375, 0.6494140625, 0.7626953125),
(127, 0.375244140625, 0.6533203125, 0.7666015625),
(128, 0.37890625, 0.64208984375, 0.7666015625),
(129, 0.379150390625, 0.65478515625, 0.765869140625),
(130, 0.37890625, 0.653564453125, 0.755859375),
(131, 0.39013671875, 0.64111328125, 0.7685546875),
(132, 0.38134765625, 0.653076171875, 0.76806640625),
(133, 0.379150390625, 0.65185546875, 0.767333984375),
(134, 0.3740234375, 0.65185546875, 0.769287109375),
(135, 0.379150390625, 0.6513671875, 0.76220703125),
(136, 0.378173828125, 0.6513671875, 0.770263671875),
(137, 0.380859375, 0.652587890625, 0.770751953125),
(138, 0.3818359375, 0.64697265625, 0.77197265625),
(139, 0.37744140625, 0.646484375, 0.755615234375),
(140, 0.3837890625, 0.646484375, 0.769287109375),
(141, 0.379150390625, 0.64990234375, 0.776611328125),
(142, 0.380126953125, 0.650634765625, 0.75830078125),
(143, 0.37158203125, 0.645263671875, 0.76513671875),
(144, 0.376953125, 0.64501953125, 0.7509765625),
(145, 0.3759765625, 0.644775390625, 0.767822265625),
(146, 0.376953125, 0.64990234375, 0.7568359375),
(147, 0.36083984375, 0.64404296875, 0.7666015625),
(148, 0.3642578125, 0.6513671875, 0.76708984375),
(149, 0.3779296875, 0.6484375, 0.768310546875),
(150, 0.376708984375, 0.642822265625, 0.7509765625),
(151, 0.381103515625, 0.6513671875, 0.771240234375),
(152, 0.3759765625, 0.655517578125, 0.7646484375),
(153, 0.376953125, 0.642822265625, 0.751708984375),
(154, 0.38232421875, 0.628662109375, 0.760498046875),
(155, 0.361572265625, 0.645751953125, 0.772216796875),
(156, 0.382568359375, 0.64697265625, 0.7578125),
(157, 0.383544921875, 0.644775390625, 0.767822265625),
(158, 0.373779296875, 0.645263671875, 0.7783203125),
(159, 0.379150390625, 0.648681640625, 0.768798828125),
(160, 0.3857421875, 0.6513671875, 0.766357421875),
(161, 0.358642578125, 0.6669921875, 0.76513671875),
(162, 0.35791015625, 0.66650390625, 0.756103515625),
(163, 0.358154296875, 0.68505859375, 0.767333984375),
(164, 0.37158203125, 0.664794921875, 0.764892578125),
(165, 0.357177734375, 0.662353515625, 0.76220703125),
(166, 0.361083984375, 0.66015625, 0.759765625),
(167, 0.357421875, 0.662353515625, 0.76708984375),
(168, 0.35888671875, 0.659423828125, 0.763427734375),
(169, 0.357421875, 0.661865234375, 0.758544921875),
(170, 0.357421875, 0.65869140625, 0.7626953125),
(171, 0.356689453125, 0.658935546875, 0.774169921875),
(172, 0.361572265625, 0.66064453125, 0.75244140625),
(173, 0.37353515625, 0.6572265625, 0.765625),
(174, 0.359375, 0.65234375, 0.752197265625),
(175, 0.361572265625, 0.654541015625, 0.765869140625),
(176, 0.374267578125, 0.642333984375, 0.77587890625),
(177, 0.3603515625, 0.65185546875, 0.768798828125),
(178, 0.368896484375, 0.640625, 0.768310546875),
(179, 0.365478515625, 0.650390625, 0.752197265625),
(180, 0.373779296875, 0.66796875, 0.781005859375),
(181, 0.3681640625, 0.653564453125, 0.7705078125),
(182, 0.36083984375, 0.658203125, 0.761962890625),
(183, 0.364990234375, 0.6572265625, 0.763671875),
(184, 0.363525390625, 0.6513671875, 0.760498046875),
(185, 0.3623046875, 0.656005859375, 0.7724609375),
(186, 0.360107421875, 0.653076171875, 0.761962890625),
(187, 0.368896484375, 0.656005859375, 0.775390625),
(188, 0.34765625, 0.647705078125, 0.76171875),
(189, 0.362548828125, 0.6689453125, 0.755615234375),
(190, 0.361083984375, 0.651611328125, 0.75146484375),
(191, 0.359375, 0.647705078125, 0.7607421875),
(192, 0.36767578125, 0.651123046875, 0.7744140625),
(193, 0.36279296875, 0.658447265625, 0.765625),
(194, 0.36474609375, 0.64892578125, 0.772216796875),
(195, 0.36474609375, 0.648681640625, 0.774658203125),
(196, 0.36279296875, 0.651611328125, 0.75341796875),
(197, 0.3701171875, 0.650634765625, 0.768310546875),
(198, 0.36181640625, 0.656005859375, 0.76806640625),
(199, 0.35986328125, 0.641845703125, 0.76904296875),
(200, 0.34375, 0.64990234375, 0.752685546875),
(201, 0.366455078125, 0.646484375, 0.7578125),
(202, 0.369384765625, 0.6494140625, 0.7705078125),
(203, 0, 0, 0),
(204, 0.25732421875, 0.942138671875, 0.3603515625),
(205, 0.25830078125, 0.93994140625, 0.371826171875),
(206, 0, 0, 0),
(207, 0.08203125, 0.8369140625, 0.5693359375),
(208, 0.07958984375, 0.8740234375, 0.59033203125),
(209, 0.0810546875, 0.845947265625, 0.578369140625),
(210, 0.08837890625, 0.8642578125, 0.585205078125),
(211, 0.101318359375, 0.844970703125, 0.604248046875),
(212, 0.083251953125, 0.825439453125, 0.622802734375),
(213, 0.072509765625, 0.833740234375, 0.70849609375),
(214, 0.092529296875, 0.858642578125, 0.6630859375),
(215, 0.081298828125, 0.83349609375, 0.623291015625),
(216, 0.040771484375, 0.887939453125, 0.579833984375),
(217, -0.1669921875, 0.726806640625, 1.06640625),
(218, 0.0283203125, 0.84375, 0.5595703125),
(219, 0.15478515625, 0.906005859375, 0.596923828125),
(220, 0.018310546875, 0.96826171875, 0.46435546875),
(221, 0.055419921875, 0.8603515625, 0.5595703125),
(222, 0.0390625, 0.875244140625, 0.547607421875),
(223, 0.03271484375, 0.8857421875, 0.553955078125),
(224, 0.036376953125, 0.879638671875, 0.55712890625),
(225, 0.039794921875, 0.880126953125, 0.55419921875),
(226, 0.040283203125, 0.877685546875, 0.55859375),
(227, 0.006103515625, 0.88330078125, 0.539306640625),
(228, -0.03515625, 0.79736328125, 0.421142578125),
(229, 0.087646484375, 0.82568359375, 0.4990234375),
(230, 0.0830078125, 0.761474609375, 0.740966796875),
(231, -0.0146484375, 1.008056640625, 0.673583984375),
(232, -0.09912109375, 0.724365234375, 0.638427734375),
(233, -0.01171875, 0.823974609375, 0.59228515625),
(234, -0.04541015625, 0.752197265625, 0.611328125),
(235, 0.023681640625, 0.79296875, 0.598876953125),
(236, 0.0029296875, 0.904296875, 0.486572265625),
(237, 0.02587890625, 0.90087890625, 0.5498046875),
(238, 0.134033203125, 0.88427734375, 0.5390625),
(239, 0.158935546875, 0.88134765625, 0.62841796875),
(240, 0.084228515625, 0.850341796875, 0.610107421875),
(241, 0.08740234375, 0.814453125, 0.623046875),
(242, -0.0029296875, 0.861328125, 0.60888671875),
(243, -0.131103515625, 0.902587890625, 0.514892578125),
(244, 0.11669921875, 0.823486328125, 0.607666015625),
(245, 0.110595703125, 0.81591796875, 0.47021484375),
(246, 0.09716796875, 0.801025390625, 0.656005859375),
(247, 0.121337890625, 0.86376953125, 0.62841796875),
(248, 0.043701171875, 0.768798828125, 0.567626953125),
(249, 0.038330078125, 0.818603515625, 0.4814453125),
(250, 0.1416015625, 0.855224609375, 0.614501953125),
(251, 0.09521484375, 0.795166015625, 0.6552734375),
(252, 0.060302734375, 0.84375, 0.549560546875),
(253, 0.08349609375, 0.81005859375, 0.5556640625),
(254, 0.138671875, 0.93701171875, 0.614990234375),
(255, 0.09619140625, 0.8271484375, 0.589111328125),
(256, 0.058837890625, 0.82275390625, 0.588134765625),
(257, 0.021240234375, 0.88232421875, 0.565185546875),
(258, 0.102783203125, 0.867919921875, 0.60546875),
(259, 0.123779296875, 0.7841796875, 0.72802734375),
(260, -0.01806640625, 0.880859375, 0.491455078125),
(261, 0.13671875, 0.836181640625, 0.76611328125),
(262, 0.122802734375, 0.865966796875, 0.42431640625),
(263, 0.0234375, 0.89453125, 0.61474609375),
(264, -0.138671875, 0.92138671875, 0.224365234375),
(265, 0.002685546875, 0.945556640625, 0.618408203125),
(266, -0.038818359375, 1.165771484375, 0.242919921875),
(267, 0.136474609375, 0.432373046875, 0.9267578125),
(268, 0.033935546875, 0.716796875, 0.448974609375),
(269, -0.028564453125, 1.175048828125, 0.825439453125),
(270, 0.224365234375, 0.74658203125, 0.568115234375),
(271, 0.076416015625, 0.72021484375, 0.4287109375),
(272, 0.02587890625, 0.92431640625, 0.58984375),
(273, 0.061767578125, 0.866455078125, 0.608642578125),
(274, -0.021484375, 0.919921875, 0.525146484375),
(275, 0.036865234375, 0.816650390625, 0.644287109375),
(276, 0.0439453125, 0.78466796875, 0.584716796875),
(277, 0.056884765625, 0.859375, 0.544921875),
(278, -0.04052734375, 0.802490234375, 0.592041015625),
(279, 0.030517578125, 0.963134765625, 0.6748046875),
(280, 0.082275390625, 0.8193359375, 0.635986328125),
(281, 0.076171875, 0.89404296875, 0.5673828125),
(282, -0.01123046875, 0.890625, 0.55615234375),
(283, 0.1142578125, 0.81884765625, 0.50927734375),
(284, -0.032958984375, 0.80029296875, 0.50732421875),
(285, 0.140625, 0.95458984375, 0.747802734375),
(286, 0.047119140625, 0.9365234375, 0.615478515625),
(287, 0.0419921875, 0.720703125, 0.3583984375),
(288, -0.01171875, 0.673828125, 0.560791015625),
(289, 0.067138671875, 0.836181640625, 0.546142578125),
(290, 0.072265625, 0.85009765625, 0.621337890625),
(291, 0.107421875, 0.745849609375, 0.55615234375),
(292, 0.047607421875, 0.9365234375, 0.63232421875),
(293, 0.124755859375, 0.633056640625, 0.7041015625),
(294, 0.06103515625, 0.704345703125, 0.5234375),
(295, 0.03173828125, 0.988037109375, 0.7880859375),
(296, 0.1220703125, 0.800048828125, 0.478515625),
(297, 0.196533203125, 0.732421875, 0.505126953125),
(298, -0.0302734375, 0.934326171875, 0.677490234375),
(299, 0.034912109375, 0.98291015625, 0.794189453125),
(300, -0.014404296875, 1.05517578125, 0.6748046875),
(301, 0.094482421875, 0.955078125, 0.593505859375),
(302, 0.158203125, 1.043212890625, 1.04248046875),
(303, 0.048583984375, 0.973388671875, 0.594482421875),
(304, 0.20751953125, 0.745849609375, 0.580322265625),
(305, 0.00732421875, 1.0478515625, 0.45849609375),
(306, 0.21728515625, 0.640380859375, 0.683349609375),
(307, 0.06591796875, 0.866943359375, 0.50732421875),
(308, 0.017578125, 0.904052734375, 0.702392578125),
(309, 0.11572265625, 0.983642578125, 0.5625),
(310, -0.0693359375, 1.1005859375, 0.619873046875),
(311, 0.121337890625, 0.718017578125, 0.55419921875),
(312, 0.1806640625, 0.693603515625, 0.4208984375),
(313, 0.127197265625, 0.931396484375, 0.610107421875),
(314, 0.0869140625, 0.934326171875, 0.575927734375),
(315, 0.1142578125, 0.92578125, 0.6513671875),
(316, 0.005859375, 0.785888671875, 0.5810546875),
(317, 0.052001953125, 0.8291015625, 0.623291015625),
(318, -0.641845703125, 1.14306640625, 0.0458984375),
(319, 0.212890625, 0.58349609375, 0.477294921875),
(320, 0.089111328125, 0.851806640625, 0.6953125),
(321, 0.104736328125, 0.825927734375, 0.778564453125),
(322, 0.052490234375, 0.893310546875, 0.62646484375),
(323, 0.107421875, 0.839599609375, 0.6337890625),
(324, 0.109375, 0.834716796875, 0.62646484375),
(325, 0.09228515625, 0.840576171875, 0.630859375),
(326, 0.08984375, 0.83984375, 0.626953125),
(327, 0.091796875, 0.862548828125, 0.637451171875),
(328, 0.1025390625, 0.7822265625, 0.65185546875),
(329, 0.078125, 0.95703125, 0.739501953125),
(330, 0.134521484375, 0.804443359375, 0.623779296875),
(331, 0.05859375, 0.8564453125, 0.59033203125),
(332, 0.0947265625, 0.852294921875, 0.608154296875),
(333, 0.040771484375, 0.87255859375, 0.571533203125),
(334, 0.038330078125, 0.8408203125, 0.581787109375),
(335, 0.072021484375, 0.85400390625, 0.941650390625),
(336, 0.0205078125, 1.122802734375, 0.617431640625),
(337, 0.08447265625, 0.88818359375, 0.703125),
(338, 0.187744140625, 0.755126953125, 0.862060546875),
(339, 0.1376953125, 0.776611328125, 0.39697265625),
(340, -0.025390625, 0.868408203125, 0.560791015625),
(341, 0.061279296875, 0.9228515625, 0.595947265625),
(342, 0.547607421875, 0.402587890625, 0.658935546875),
(343, 0.195556640625, 0.773193359375, 0.66650390625),
(344, -0.113525390625, 0.755126953125, 0.404541015625),
(345, 0.229248046875, 0.7373046875, 0.656494140625),
(346, 0.0693359375, 0.857666015625, 0.616943359375),
(347, 0.079833984375, 0.847412109375, 0.610595703125),
(348, 0.07275390625, 0.85009765625, 0.60791015625),
(349, 0.0732421875, 0.851806640625, 0.60205078125),
(350, 0.058349609375, 0.876953125, 0.640869140625),
(351, 0.053955078125, 0.700927734375, 0.69091796875),
(352, -0.109130859375, 0.9892578125, 0.7333984375),
(353, 0.1279296875, 1.291748046875, 1.034423828125),
(354, 0.02197265625, 0.33740234375, 1.260986328125),
(355, -0.412353515625, 1.28955078125, 1.25927734375),
(356, -0.00341796875, 0.04638671875, -0.347412109375),
(357, 0.101318359375, 0.3720703125, 1.490478515625),
(358, -0.12890625, 0.05517578125, 0.39453125),
(359, 0.611083984375, 1.4130859375, -0.23291015625),
(360, 0.0029296875, 1.375, 0.36474609375),
(361, 0.22705078125, 0.97265625, 0.61181640625),
(362, 0.1455078125, 0.27587890625, 0.163330078125),
(363, -0.132568359375, 0.626708984375, 0.569580078125),
(364, 0.16796875, 0.7333984375, 0.82177734375),
(365, 0.044677734375, 1.445068359375, 0.2080078125),
(366, 0.55517578125, 0.982666015625, 0.733154296875),
(367, -0.137939453125, 0.03564453125, 0.375732421875),
(368, -0.117431640625, 1.997314453125, 0.2880859375),
(369, -0.10107421875, 0.81201171875, 0.0419921875),
(370, -0.3046875, -0.209716796875, -0.073974609375),
(371, 0.15673828125, 1.998291015625, 0.65576171875),
(372, -0.062255859375, -0.029541015625, 0.22802734375),
(373, 0.48828125, 1.052978515625, 0.842041015625),
(374, -0.007568359375, 0.853759765625, 0.60107421875),
(375, -0.001708984375, 0.751708984375, 0.683349609375),
(376, 0.026611328125, 0.8681640625, 0.583740234375),
(377, 0.026611328125, 0.888427734375, 0.627685546875),
(378, -0.012451171875, 0.899658203125, 0.58251953125),
(379, -0.011474609375, 0.84130859375, 0.483154296875),
(380, 0.0224609375, 0.84375, 0.559814453125),
(381, -0.068359375, 0.933837890625, 0.50390625),
(382, -0.01953125, 0.907958984375, 0.6025390625),
(383, 0.17041015625, 0.941162109375, 0.693603515625),
(384, -0.003662109375, 0.813232421875, 0.6201171875),
(385, -0.046630859375, 0.894775390625, 0.52978515625),
(386, -0.15283203125, 1.093505859375, 0.919677734375),
(387, -0.059326171875, 0.918212890625, 0.693115234375),
(388, 0.01123046875, 0.87841796875, 0.510498046875),
(389, -0.1630859375, 0.142822265625, -0.00732421875),
(390, 0.12060546875, -0.17724609375, -0.23291015625),
(391, -0.052001953125, 0.1123046875, 1.382568359375),
(392, -0.0341796875, 0.861328125, 0.9443359375),
(393, -0.12841796875, -0.03131103515625, 1.992431640625),
(394, -0.09375, 1.98876953125, 0.139892578125),
(395, 0.151123046875, -0.10986328125, -0.193115234375),
(396, -0.1552734375, 0.80029296875, 0.282958984375),
(397, -0.1865234375, 0.283935546875, 0.833740234375),
(398, -0.251708984375, 0.2529296875, 0.4189453125),
(399, -0.318603515625, 0.199951171875, 1.1484375),
(400, 0.17724609375, 0.012451171875, -0.3681640625),
(401, 0.60546875, -0.39453125, 0.741943359375),
(402, 0.343505859375, -0.27001953125, -0.48486328125),
(403, 0.31396484375, 1.598388671875, 1.130859375),
(404, 0.5302734375, -0.006103515625, 0.02197265625),
(405, -0.44287109375, 0.267822265625, 0.826904296875),
(406, 0.099365234375, -0.2841796875, 0.0986328125),
(407, -0.230712890625, 1.092041015625, 0.526123046875),
(408, 0.35009765625, 1.984619140625, 0.84033203125),
(409, 0.021240234375, 0.91796875, 0.52880859375),
(410, 0.05517578125, 0.8857421875, 0.564208984375),
(411, 0.077880859375, 0.91943359375, 0.580322265625),
(412, 0.035400390625, 0.916748046875, 0.560302734375),
(413, 0.092529296875, 0.859619140625, 0.612060546875),
(414, 0.044677734375, 0.861328125, 0.46240234375),
(415, 0.1474609375, 0.847412109375, 0.715087890625),
(416, -0.00244140625, 0.94482421875, 0.468505859375),
(417, 0.053955078125, 0.90234375, 0.56298828125),
(418, 0.02587890625, 0.87158203125, 0.595947265625),
(419, 0.030029296875, 0.885986328125, 0.5908203125),
(420, -0.043212890625, 0.891357421875, 0.544921875),
(421, 0.01953125, 0.777587890625, 0.611572265625),
(422, 0.03173828125, 0.88916015625, 0.57373046875),
(423, 0.039306640625, 0.97607421875, 0.453857421875),
(424, 0.19775390625, 0.96240234375, 0.82568359375),
(425, -0.0107421875, 1.215576171875, 0.3291015625),
(426, -0.10205078125, 1.665283203125, 0.157958984375),
(427, -0.007080078125, 1.051513671875, 1.138671875),
(428, -0.063720703125, -0.1298828125, 0.572509765625),
(429, -0.12646484375, 0.374755859375, 0.661376953125),
(430, -0.185302734375, 0.87939453125, 0.187744140625),
(431, 0.063232421875, 0.46142578125, 0.83544921875),
(432, -0.202392578125, -0.0849609375, 0.9306640625),
(433, 0.799072265625, -0.0986328125, 0.348876953125),
(434, 0.23388671875, 1.067138671875, 0.221923828125),
(435, -0.033447265625, 0.49462890625, 1.068115234375),
(436, 0.01953125, 0.693603515625, 0.247314453125),
(437, -0.677734375, 1.541748046875, 1.71868896484375),
(438, -0.229248046875, 0.47314453125, 0.255126953125),
(439, 0.0517578125, -0.160888671875, 1.47802734375),
(440, -1.7431640625, -0.348876953125, 0.14794921875),
(441, -0.16552734375, 0.129150390625, 0.412109375),
(442, -0.1025390625, -0.194580078125, 0.84368896484375),
(443, 0.069580078125, 1.097900390625, 1.388427734375),
(444, -0.010009765625, 1.56884765625, 0.932861328125),
(445, -0.0625, 0.98486328125, 0.379150390625),
(446, 0.06640625, 1.20703125, 0.52490234375),
(447, 0.077880859375, 0.61279296875, 0.892578125),
(448, 0.134521484375, 1.071044921875, 0.572265625),
(449, -0.03955078125, 0.925048828125, 0.73095703125),
(450, 0.008056640625, 0.89208984375, 0.653076171875),
(451, -0.005859375, 0.896484375, 0.572509765625),
(452, -0.135009765625, 0.994140625, 0.40283203125),
(453, -0.14404296875, 1.225830078125, 0.68701171875),
(454, -0.18310546875, 0.658203125, 0.3623046875),
(455, -0.255126953125, 0.99609375, 0.398193359375),
(456, -0.259033203125, 0.865966796875, 0.3828125),
(457, -0.151123046875, 0.9287109375, 0.48876953125),
(458, 0.174560546875, 1.019775390625, 0.6201171875),
(459, 0.015869140625, 0.746826171875, 0.55126953125),
(460, 0.080810546875, 1.140380859375, 0.58740234375),
(461, 0.012939453125, 0.645263671875, 0.59619140625),
(462, 0.0439453125, 1.0244140625, 0.37939453125),
(463, 0.085693359375, 1.0146484375, 0.464599609375),
(464, 0.0419921875, 0.890625, 0.5380859375),
(465, 0.087158203125, 1.017333984375, 0.579833984375),
(466, 0.114990234375, 0.9873046875, 0.573974609375),
(467, 0.0361328125, 0.90771484375, 0.621337890625),
(468, 0.07080078125, 0.813232421875, 0.506591796875),
(469, 0.035400390625, 0.843505859375, 0.65185546875),
(470, 0.013427734375, 0.8173828125, 0.63330078125),
(471, 0.013427734375, 0.8623046875, 0.572021484375),
(472, 0.083984375, 0.912109375, 0.633544921875),
(473, 0.121826171875, 0.844970703125, 0.635498046875),
(474, 0.056640625, 0.881591796875, 0.540283203125),
(475, 0.1337890625, 0.82470703125, 0.5966796875),
(476, -0.033203125, 1.015625, 0.41650390625),
(477, -0.062255859375, 0.830322265625, 0.5673828125),
(478, 0.010498046875, 0.926025390625, 0.45556640625),
(479, 0.02880859375, 0.92822265625, 0.446044921875),
(480, 0.051513671875, 0.944580078125, 0.6181640625),
(481, 0.220703125, 0.938232421875, 0.55224609375),
(482, 0.127685546875, 0.682373046875, 0.613525390625),
(483, 0.105712890625, 0.875732421875, 0.4833984375),
(484, 0.097412109375, 0.876708984375, 0.544677734375),
(485, 0, 0.86474609375, 0.534912109375),
(486, 0.03857421875, 0.791015625, 0.576171875),
(487, 0.045166015625, 0.8896484375, 0.6640625),
(488, 0.073974609375, 0.862548828125, 0.59375),
(489, 0.007568359375, 0.97802734375, 0.573486328125),
(490, 0.031982421875, 1.037353515625, 0.63623046875),
(491, 0.096923828125, 0.971435546875, 0.71337890625),
(492, 0.0029296875, 0.9296875, 0.603759765625),
(493, 0.036865234375, 0.936279296875, 0.564453125),
(494, -0.00244140625, 0.920166015625, 0.531005859375),
(495, -0.045654296875, 0.9140625, 0.620849609375),
(496, 0.11669921875, 1.246337890625, 0.65673828125),
(497, 0.027099609375, 1.0380859375, 0.773193359375),
(498, 0.081298828125, 0.805419921875, 0.49755859375),
(499, 0.145751953125, 0.37841796875, 0.64794921875),
(500, 0.0771484375, 1.218017578125, 0.52734375),
(501, -0.00390625, 0.975341796875, 0.5068359375),
(502, -0.05126953125, 0.81591796875, 0.61865234375),
(503, 0.043701171875, 0.787841796875, 0.367919921875),
(504, -0.008056640625, 1.176513671875, 0.460205078125),
(505, 0.091552734375, 0.595947265625, 0.611572265625),
(506, 0.066650390625, 0.425537109375, 0.539306640625),
(507, 0.06103515625, 0.9208984375, 0.524169921875),
(508, 0.13671875, 0.696044921875, 0.4775390625),
(509, 0.032958984375, 0.98291015625, 0.843994140625),
(510, 0.102294921875, 0.770263671875, 0.599365234375),
(511, 0.1201171875, 0.63818359375, 0.724365234375),
(512, -0.01513671875, 0.79443359375, 0.514404296875),
(513, 0.08984375, 0.84326171875, 0.46142578125),
(514, 0.140869140625, 0.4375, 0.6416015625),
(515, 0.054443359375, 0.774169921875, 0.647216796875),
(516, 0.013671875, 1.154541015625, 0.751708984375),
(517, 0.063720703125, 0.814208984375, 0.729248046875),
(518, -0.00732421875, 0.93505859375, 0.76904296875),
(519, -0.025146484375, 0.62548828125, 0.4638671875),
(520, 0.01025390625, 0.70654296875, 0.50634765625),
(521, 0.037109375, 0.93212890625, 0.5439453125),
(522, 0.117431640625, 0.954345703125, 0.74951171875),
(523, 0.06787109375, 0.91552734375, 0.612060546875),
(524, 0.0322265625, 0.8134765625, 0.587890625),
(525, 0.050048828125, 0.743896484375, 0.55224609375),
(526, 0.183837890625, 0.79833984375, 0.388671875),
(527, 0.061279296875, 0.8974609375, 0.549072265625),
(528, 0.03076171875, 0.828369140625, 0.602783203125),
(529, 0.045654296875, 0.89697265625, 0.5673828125),
(530, 0.05419921875, 0.88916015625, 0.552001953125),
(531, 0.047607421875, 0.9052734375, 0.564208984375),
(532, 0.05029296875, 0.8798828125, 0.56689453125),
(533, 0.060546875, 0.884521484375, 0.57568359375),
(534, 0.049072265625, 0.888916015625, 0.568603515625),
(535, 0.048828125, 0.881103515625, 0.5537109375),
(536, 0.052001953125, 0.902099609375, 0.55517578125),
(537, 0.052490234375, 0.90185546875, 0.564453125),
(538, 0.0478515625, 0.9052734375, 0.550048828125),
(539, 0.0615234375, 0.875244140625, 0.561767578125),
(540, 0.062255859375, 0.877685546875, 0.55419921875),
(541, 0.0498046875, 0.886474609375, 0.560546875),
(542, 0.054443359375, 0.886474609375, 0.576171875),
(543, 0.051025390625, 0.88525390625, 0.564453125),
(544, 0.052734375, 0.867919921875, 0.572021484375),
(545, 0.00244140625, 0.954345703125, 0.409912109375),
(546, 0.087646484375, 0.9169921875, 0.536376953125),
(547, 0.021240234375, 0.916748046875, 0.591064453125),
(548, 0.03759765625, 0.9033203125, 0.579833984375),
(549, 0.0478515625, 0.88427734375, 0.563232421875),
(550, 0.052490234375, 0.884033203125, 0.572509765625),
(551, 0.051025390625, 0.9052734375, 0.56201171875),
(552, 0.051513671875, 0.886474609375, 0.5673828125),
(553, 0.049072265625, 0.8837890625, 0.55078125),
(554, 0.0595703125, 0.887939453125, 0.548828125),
(555, 0.10546875, 0.843017578125, 0.650390625),
(556, 0.15087890625, 0.8134765625, 0.75927734375),
(557, -0.067626953125, 0.904296875, 0.73095703125),
(558, 0.068603515625, 0.960205078125, 0.526123046875),
(559, 0.026123046875, 1.022216796875, 0.511962890625),
(560, -0.108154296875, 0.861083984375, 0.9091796875),
(561, 0.073486328125, 0.86767578125, 0.58544921875),
(562, 0.294189453125, 1.061767578125, 0.561279296875),
(563, -0.01171875, 0.72802734375, 1.57861328125),
(564, 0.1171875, 0.86865234375, 0.529296875),
(565, -0.2294921875, 0.921630859375, 0.439453125),
(566, -0.21923828125, 0.865478515625, 0.583251953125),
(567, -0.16259765625, 0.7041015625, 0.396484375),
(568, -0.021728515625, 0.99072265625, 0.555908203125),
(569, -0.0869140625, 0.879150390625, 0.4814453125),
(570, -0.2197265625, 0.53564453125, 0.351318359375),
(571, 0.044921875, 0.9658203125, 0.56787109375),
(572, 0.08154296875, 0.906494140625, 0.48828125),
(573, 0.0244140625, 0.8974609375, 0.64013671875),
(574, 0.09033203125, 0.9248046875, 0.521240234375),
(575, 0.118896484375, 0.869873046875, 0.5732421875),
(576, -0.03271484375, 0.9423828125, 0.74462890625),
(577, 0.099365234375, 0.862060546875, 0.591064453125),
(578, 0.04150390625, 0.847900390625, 0.628662109375),
(579, 0.09326171875, 0.904541015625, 0.52392578125),
(580, -0.04248046875, 0.855712890625, 0.4013671875),
(581, 0.018798828125, 0.907470703125, 0.468505859375),
(582, 0.11181640625, 0.918701171875, 0.48828125),
(583, 0.126220703125, 0.910400390625, 0.561767578125),
(584, 0.03759765625, 1.03515625, 0.604248046875),
(585, 0.0751953125, 0.862060546875, 0.587890625),
(586, 0.054931640625, 1.008056640625, 0.638427734375),
(587, 0.022705078125, 0.919921875, 0.6748046875),
(588, 0.093505859375, 0.91357421875, 0.541015625),
(589, 0.0556640625, 0.801025390625, 0.615234375),
(590, 0.044189453125, 1.99993896484375, 0.080810546875),
(591, -0.175048828125, 1.07421875, -0.996826171875),
(592, 0.07080078125, 0.857666015625, 0.593994140625),
(593, 0.072021484375, 0.873046875, 0.5859375),
(594, 0.076171875, 0.864990234375, 0.606201171875),
(595, 0.078125, 0.866455078125, 0.598388671875),
(596, 0.07080078125, 0.859375, 0.58935546875),
(597, 0.38671875, -0.6953125, 0.34716796875),
(598, -0.228515625, 0.039794921875, 1.219482421875),
(599, -0.378662109375, -0.66748046875, 0.5361328125),
(600, 0.34716796875, -0.378662109375, 0.599609375),
(601, 0.7734375, 0.63720703125, 1.26123046875),
(602, 0.02197265625, 1.24609375, 0.229736328125),
(603, -0.12548828125, 1.0283203125, 0.559814453125),
(604, -0.09423828125, 0.793212890625, 0.4208984375),
(605, 0.2978515625, 0.9130859375, 0.376708984375),
(606, 0.314697265625, 0.911376953125, 0.398193359375),
(607, 0.325927734375, 0.919677734375, 0.397705078125),
(608, 0.3134765625, 0.906982421875, 0.3994140625),
(609, 0.31396484375, 0.9130859375, 0.37744140625),
(610, 0.321533203125, 0.90966796875, 0.398193359375),
(611, 0.323974609375, 0.90234375, 0.395751953125),
(612, 0.32763671875, 0.917724609375, 0.39697265625),
(613, 0.31494140625, 0.91943359375, 0.400146484375),
(614, 0.318115234375, 0.90966796875, 0.39306640625),
(615, 0.305908203125, 0.91162109375, 0.3779296875),
(616, 0.317138671875, 0.91064453125, 0.39013671875),
(617, 0.319580078125, 0.907470703125, 0.3994140625),
(618, 0.315673828125, 0.892333984375, 0.37841796875),
(619, 0.326171875, 0.904296875, 0.383544921875),
(620, 0.31982421875, 0.91259765625, 0.394287109375),
(621, 0.31298828125, 0.906982421875, 0.39404296875),
(622, 0.314208984375, 0.904296875, 0.377197265625),
(623, 0.30419921875, 0.91552734375, 0.403076171875),
(624, 0.327880859375, 0.91064453125, 0.3935546875),
(625, 0.32666015625, 0.912841796875, 0.378173828125),
(626, 0.30322265625, 0.90576171875, 0.37548828125),
(627, 0.297119140625, 0.920654296875, 0.3974609375),
(628, 0.31005859375, 0.906982421875, 0.39501953125),
(629, 0.31591796875, 0.910400390625, 0.393310546875);

-- --------------------------------------------------------

--
-- Table structure for table `gps_data`
--

CREATE TABLE `gps_data` (
  `data_ID` int(11) NOT NULL,
  `gps_lat` double NOT NULL,
  `gps_long` double NOT NULL
) ENGINE=InnoDB DEFAULT CHARSET=utf8mb4 COLLATE=utf8mb4_general_ci;

--
-- Dumping data for table `gps_data`
--

INSERT INTO `gps_data` (`data_ID`, `gps_lat`, `gps_long`) VALUES
(0, 1, 1),
(1, 1, 1),
(2, 1, 1),
(3, 1, 1),
(4, 1, 1),
(5, 1, 1),
(6, 1, 1),
(7, 1, 1),
(8, 1, 1),
(9, 1, 1),
(10, 1, 1),
(11, 52.502116, 4.665864833),
(12, 52.502116, 4.665864833),
(13, 52.502116, 4.665864833),
(14, 52.502116, 4.665864833),
(15, 52.502116, 4.665864833),
(16, 52.502116, 4.665864833),
(17, 52.502116, 4.665864833),
(18, 52.502116, 4.665864833),
(19, 52.502116, 4.665864833),
(20, 1, 1),
(21, 1, 1),
(22, 1, 1),
(23, 1, 1),
(24, 1, 1),
(25, 1, 1),
(26, 1, 1),
(27, 1, 1),
(28, 1, 1),
(29, 1, 1),
(30, 1, 1),
(31, 1, 1),
(32, 1, 1),
(33, 1, 1),
(34, 1, 1),
(35, 1, 1),
(36, 1, 1),
(37, 1, 1),
(38, 1, 1),
(39, 1, 1),
(40, 1, 1),
(41, 1, 1),
(42, 1, 1),
(43, 1, 1),
(44, 1, 1),
(45, 1, 1),
(46, 1, 1),
(47, 1, 1),
(48, 1, 1),
(49, 1, 1),
(50, 1, 1),
(51, 1, 1),
(52, 1, 1),
(53, 1, 1),
(54, 1, 1),
(55, 1, 1),
(56, 1, 1),
(57, 1, 1),
(58, 1, 1),
(59, 1, 1),
(60, 1, 1),
(61, 1, 1),
(62, 1, 1),
(63, 1, 1),
(64, 1, 1),
(65, 1, 1),
(66, 1, 1),
(67, 1, 1),
(68, 1, 1),
(69, 1, 1),
(70, 1, 1),
(71, 1, 1),
(72, 1, 1),
(73, 1, 1),
(74, 1, 1),
(75, 1, 1),
(76, 1, 1),
(77, 1, 1),
(78, 1, 1),
(79, 1, 1),
(80, 1, 1),
(81, 1, 1),
(82, 1, 1),
(83, 1, 1),
(84, 1, 1),
(85, 1, 1),
(86, 1, 1),
(87, 1, 1),
(88, 1, 1),
(89, 1, 1),
(90, 1, 1),
(91, 1, 1),
(92, 1, 1),
(93, 1, 1),
(94, 1, 1),
(95, 1, 1),
(96, 1, 1),
(97, 1, 1),
(98, 1, 1),
(99, 1, 1),
(100, 1, 1),
(101, 1, 1),
(102, 1, 1),
(103, 1, 1),
(104, 52.502200833, 4.665717333),
(105, 52.502200833, 4.665717333),
(106, 52.502200833, 4.665717333),
(107, 52.502200833, 4.665717333),
(108, 52.502200833, 4.665717333),
(109, 52.502200833, 4.665717333),
(110, 52.502200833, 4.665717333),
(111, 52.502200833, 4.665717333),
(112, 52.502200833, 4.665717333),
(113, 52.502200833, 4.665717333),
(114, 52.502200833, 4.665717333),
(115, 52.502200833, 4.665717333),
(116, 52.502200833, 4.665717333),
(117, 52.502200833, 4.665717333),
(118, 52.502200833, 4.665717333),
(119, 52.502200833, 4.665717333),
(120, 52.502200833, 4.665717333),
(121, 52.502200833, 4.665717333),
(122, 52.502200833, 4.665717333),
(123, 52.502200833, 4.665717333),
(124, 52.502200833, 4.665717333),
(125, 52.502200833, 4.665717333),
(126, 1, 1),
(127, 52.502306327, 4.665491783),
(128, 52.502306327, 4.665491783),
(129, 52.502306327, 4.665491783),
(130, 52.502306327, 4.665491783),
(131, 52.502306327, 4.665491783),
(132, 52.502306327, 4.665491783),
(133, 1, 1),
(134, 52.502337095, 4.665257093),
(135, 52.502337095, 4.665257093),
(136, 52.502337095, 4.665257093),
(137, 1, 1),
(138, 52.50220551, 4.665768841),
(139, 52.50220551, 4.665768841),
(140, 52.50220551, 4.665768841),
(141, 52.50220551, 4.665768841),
(142, 1, 1),
(143, 52.502116067, 4.665803753),
(144, 52.502116067, 4.665803753),
(145, 52.502116067, 4.665803753),
(146, 52.502116067, 4.665803753),
(147, 52.502116067, 4.665803753),
(148, 52.502116067, 4.665803753),
(149, 52.502116067, 4.665803753),
(150, 52.502116067, 4.665803753),
(151, 52.502116067, 4.665803753),
(152, 52.502116067, 4.665803753),
(153, 1, 1),
(154, 52.502013733, 4.665901186),
(155, 52.502013733, 4.665901186),
(156, 52.502013733, 4.665901186),
(157, 52.502013733, 4.665901186),
(158, 52.502013733, 4.665901186),
(159, 52.502013733, 4.665901186),
(160, 52.502013733, 4.665901186),
(161, 52.5021415, 4.6660735),
(162, 52.5021415, 4.6660735),
(163, 52.5021415, 4.6660735),
(164, 52.5021415, 4.6660735),
(165, 52.5021415, 4.6660735),
(166, 1, 1),
(167, 52.502581752, 4.665380248),
(168, 52.502581752, 4.665380248),
(169, 52.502581752, 4.665380248),
(170, 52.502581752, 4.665380248),
(171, 52.502581752, 4.665380248),
(172, 52.502581752, 4.665380248),
(173, 52.502581752, 4.665380248),
(174, 1, 1),
(175, 52.502200011, 4.665718974),
(176, 52.502200011, 4.665718974),
(177, 52.502200011, 4.665718974),
(178, 52.502200011, 4.665718974),
(179, 52.502200011, 4.665718974),
(180, 52.502200011, 4.665718974),
(181, 52.502200011, 4.665718974),
(182, 52.502200011, 4.665718974),
(183, 1, 1),
(184, 52.502618994, 4.665068127),
(185, 52.502618994, 4.665068127),
(186, 1, 1),
(187, 1, 1),
(188, 1, 1),
(189, 1, 1),
(190, 1, 1),
(191, 52.502136066, 4.66580949),
(192, 1, 1),
(193, 1, 1),
(194, 1, 1),
(195, 1, 1),
(196, 1, 1),
(197, 52.502136066, 4.66580949),
(198, 52.502136066, 4.66580949),
(199, 52.502136066, 4.66580949),
(200, 52.502136066, 4.66580949),
(201, 52.502136066, 4.66580949),
(202, 52.502136066, 4.66580949),
(203, 1, 1),
(204, 1, 1),
(205, 1, 1),
(206, 1, 1),
(207, 1, 1),
(208, 1, 1),
(209, 1, 1),
(210, 1, 1),
(211, 1, 1),
(212, 1, 1),
(213, 1, 1),
(214, 1, 1),
(215, 1, 1),
(216, 1, 1),
(217, 1, 1),
(218, 1, 1),
(219, 1, 1),
(220, 1, 1),
(221, 1, 1),
(222, 1, 1),
(223, 1, 1),
(224, 1, 1),
(225, 1, 1),
(226, 1, 1),
(227, 1, 1),
(228, 1, 1),
(229, 1, 1),
(230, 1, 1),
(231, 1, 1),
(232, 1, 1),
(233, 1, 1),
(234, 1, 1),
(235, 1, 1),
(236, 1, 1),
(237, 1, 1),
(238, 1, 1),
(239, 1, 1),
(240, 1, 1),
(241, 1, 1),
(242, 1, 1),
(243, 1, 1),
(244, 1, 1),
(245, 1, 1),
(246, 1, 1),
(247, 1, 1),
(248, 1, 1),
(249, 1, 1),
(250, 1, 1),
(251, 1, 1),
(252, 1, 1),
(253, 1, 1),
(254, 1, 1),
(255, 1, 1),
(256, 1, 1),
(257, 1, 1),
(258, 1, 1),
(259, 1, 1),
(260, 1, 1),
(261, 1, 1),
(262, 1, 1),
(263, 1, 1),
(264, 1, 1),
(265, 1, 1),
(266, 1, 1),
(267, 1, 1),
(268, 1, 1),
(269, 1, 1),
(270, 1, 1),
(271, 1, 1),
(272, 1, 1),
(273, 1, 1),
(274, 1, 1),
(275, 1, 1),
(276, 1, 1),
(277, 1, 1),
(278, 1, 1),
(279, 1, 1),
(280, 1, 1),
(281, 1, 1),
(282, 1, 1),
(283, 1, 1),
(284, 1, 1),
(285, 1, 1),
(286, 1, 1),
(287, 1, 1),
(288, 1, 1),
(289, 1, 1),
(290, 1, 1),
(291, 1, 1),
(292, 1, 1),
(293, 1, 1),
(294, 1, 1),
(295, 1, 1),
(296, 1, 1),
(297, 1, 1),
(298, 1, 1),
(299, 1, 1),
(300, 1, 1),
(301, 1, 1),
(302, 1, 1),
(303, 1, 1),
(304, 1, 1),
(305, 1, 1),
(306, 1, 1),
(307, 1, 1),
(308, 1, 1),
(309, 1, 1),
(310, 1, 1),
(311, 1, 1),
(312, 1, 1),
(313, 1, 1),
(314, 1, 1),
(315, 1, 1),
(316, 1, 1),
(317, 1, 1),
(318, 1, 1),
(319, 1, 1),
(320, 1, 1),
(321, 1, 1),
(322, 1, 1),
(323, 1, 1),
(324, 1, 1),
(325, 1, 1),
(326, 1, 1),
(327, 1, 1),
(328, 1, 1),
(329, 1, 1),
(330, 1, 1),
(331, 1, 1),
(332, 1, 1),
(333, 1, 1),
(334, 1, 1),
(335, 1, 1),
(336, 1, 1),
(337, 1, 1),
(338, 1, 1),
(339, 1, 1),
(340, 1, 1),
(341, 1, 1),
(342, 1, 1),
(343, 1, 1),
(344, 1, 1),
(345, 1, 1),
(346, 1, 1),
(347, 1, 1),
(348, 1, 1),
(349, 1, 1),
(350, 1, 1),
(351, 1, 1),
(352, 1, 1),
(353, 1, 1),
(354, 1, 1),
(355, 1, 1),
(356, 1, 1),
(357, 1, 1),
(358, 1, 1),
(359, 1, 1),
(360, 1, 1),
(361, 1, 1),
(362, 1, 1),
(363, 1, 1),
(364, 1, 1),
(365, 1, 1),
(366, 1, 1),
(367, 1, 1),
(368, 1, 1),
(369, 1, 1),
(370, 1, 1),
(371, 1, 1),
(372, 1, 1),
(373, 1, 1),
(374, 1, 1),
(375, 1, 1),
(376, 1, 1),
(377, 1, 1),
(378, 1, 1),
(379, 1, 1),
(380, 1, 1),
(381, 1, 1),
(382, 1, 1),
(383, 1, 1),
(384, 1, 1),
(385, 1, 1),
(386, 1, 1),
(387, 1, 1),
(388, 1, 1),
(389, 1, 1),
(390, 1, 1),
(391, 1, 1),
(392, 1, 1),
(393, 1, 1),
(394, 1, 1),
(395, 1, 1),
(396, 1, 1),
(397, 1, 1),
(398, 1, 1),
(399, 1, 1),
(400, 1, 1),
(401, 1, 1),
(402, 1, 1),
(403, 1, 1),
(404, 1, 1),
(405, 1, 1),
(406, 1, 1),
(407, 1, 1),
(408, 1, 1),
(409, 1, 1),
(410, 1, 1),
(411, 1, 1),
(412, 1, 1),
(413, 1, 1),
(414, 1, 1),
(415, 1, 1),
(416, 1, 1),
(417, 1, 1),
(418, 1, 1),
(419, 1, 1),
(420, 1, 1),
(421, 1, 1),
(422, 1, 1),
(423, 1, 1),
(424, 1, 1),
(425, 1, 1),
(426, 1, 1),
(427, 1, 1),
(428, 1, 1),
(429, 1, 1),
(430, 1, 1),
(431, 1, 1),
(432, 1, 1),
(433, 1, 1),
(434, 1, 1),
(435, 1, 1),
(436, 1, 1),
(437, 1, 1),
(438, 1, 1),
(439, 1, 1),
(440, 1, 1),
(441, 1, 1),
(442, 1, 1),
(443, 1, 1),
(444, 1, 1),
(445, 1, 1),
(446, 1, 1),
(447, 1, 1),
(448, 1, 1),
(449, 1, 1),
(450, 1, 1),
(451, 1, 1),
(452, 1, 1),
(453, 1, 1),
(454, 1, 1),
(455, 1, 1),
(456, 1, 1),
(457, 1, 1),
(458, 1, 1),
(459, 1, 1),
(460, 1, 1),
(461, 1, 1),
(462, 1, 1),
(463, 1, 1),
(464, 1, 1),
(465, 1, 1),
(466, 1, 1),
(467, 1, 1),
(468, 1, 1),
(469, 1, 1),
(470, 1, 1),
(471, 1, 1),
(472, 1, 1),
(473, 1, 1),
(474, 1, 1),
(475, 1, 1),
(476, 1, 1),
(477, 1, 1),
(478, 1, 1),
(479, 1, 1),
(480, 1, 1),
(481, 1, 1),
(482, 1, 1),
(483, 1, 1),
(484, 1, 1),
(485, 1, 1),
(486, 1, 1),
(487, 1, 1),
(488, 1, 1),
(489, 1, 1),
(490, 1, 1),
(491, 1, 1),
(492, 1, 1),
(493, 1, 1),
(494, 1, 1),
(495, 1, 1),
(496, 1, 1),
(497, 1, 1),
(498, 1, 1),
(499, 1, 1),
(500, 1, 1),
(501, 1, 1),
(502, 1, 1),
(503, 1, 1),
(504, 1, 1),
(505, 1, 1),
(506, 1, 1),
(507, 1, 1),
(508, 1, 1),
(509, 1, 1),
(510, 1, 1),
(511, 1, 1),
(512, 1, 1),
(513, 1, 1),
(514, 1, 1),
(515, 1, 1),
(516, 1, 1),
(517, 1, 1),
(518, 1, 1),
(519, 1, 1),
(520, 1, 1),
(521, 1, 1),
(522, 1, 1),
(523, 1, 1),
(524, 1, 1),
(525, 1, 1),
(526, 1, 1),
(527, 1, 1),
(528, 1, 1),
(529, 1, 1),
(530, 1, 1),
(531, 1, 1),
(532, 1, 1),
(533, 1, 1),
(534, 1, 1),
(535, 1, 1),
(536, 1, 1),
(537, 1, 1),
(538, 1, 1),
(539, 1, 1),
(540, 1, 1),
(541, 1, 1),
(542, 1, 1),
(543, 1, 1),
(544, 1, 1),
(545, 1, 1),
(546, 1, 1),
(547, 1, 1),
(548, 1, 1),
(549, 1, 1),
(550, 1, 1),
(551, 1, 1),
(552, 1, 1),
(553, 1, 1),
(554, 1, 1),
(555, 1, 1),
(556, 1, 1),
(557, 1, 1),
(558, 1, 1),
(559, 1, 1),
(560, 1, 1),
(561, 1, 1),
(562, 1, 1),
(563, 1, 1),
(564, 1, 1),
(565, 1, 1),
(566, 1, 1),
(567, 1, 1),
(568, 1, 1),
(569, 1, 1),
(570, 1, 1),
(571, 1, 1),
(572, 1, 1),
(573, 1, 1),
(574, 1, 1),
(575, 1, 1),
(576, 1, 1),
(577, 1, 1),
(578, 1, 1),
(579, 1, 1),
(580, 1, 1),
(581, 1, 1),
(582, 1, 1),
(583, 1, 1),
(584, 1, 1),
(585, 1, 1),
(586, 1, 1),
(587, 1, 1),
(588, 1, 1),
(589, 1, 1),
(590, 1, 1),
(591, 1, 1),
(592, 1, 1),
(593, 1, 1),
(594, 1, 1),
(595, 1, 1),
(596, 1, 1),
(597, 1, 1),
(598, 1, 1),
(599, 1, 1),
(600, 1, 1),
(601, 1, 1),
(602, 1, 1),
(603, 1, 1),
(604, 1, 1),
(605, 1, 1),
(606, 1, 1),
(607, 1, 1),
(608, 1, 1),
(609, 1, 1),
(610, 1, 1),
(611, 1, 1),
(612, 1, 1),
(613, 1, 1),
(614, 1, 1),
(615, 1, 1),
(616, 1, 1),
(617, 1, 1),
(618, 1, 1),
(619, 1, 1),
(620, 1, 1),
(621, 1, 1),
(622, 1, 1),
(623, 1, 1),
(624, 1, 1),
(625, 1, 1),
(626, 1, 1),
(627, 1, 1),
(628, 1, 1),
(629, 1, 1);

-- --------------------------------------------------------

--
-- Table structure for table `gyroscope_data`
--

CREATE TABLE `gyroscope_data` (
  `data_ID` int(11) NOT NULL,
  `gyro_x` double NOT NULL,
  `gyro_y` double NOT NULL,
  `gyro_z` double NOT NULL
) ENGINE=InnoDB DEFAULT CHARSET=utf8mb4 COLLATE=utf8mb4_general_ci;

--
-- Dumping data for table `gyroscope_data`
--

INSERT INTO `gyroscope_data` (`data_ID`, `gyro_x`, `gyro_y`, `gyro_z`) VALUES
(0, 0.5411023448235689, 88.87827086399712, 0.9825614956648697),
(1, 0.29853973811175016, 89.25515776493731, 0.6823895889305546),
(2, -7.159206067609831, 82.84078177318517, -0.013126086951569561),
(3, -15.066277012859768, -50.34133070969277, 35.65332902068825),
(4, -46.85362989180563, -41.35164983736132, 10.169607148428401),
(5, -55.00556875403768, -15.189231979236878, -30.6736574268071),
(6, -30.735012881863796, -1.9606309840283433, -59.18870709741166),
(7, -3.7396596037359626, 8.231086493331635, -80.94845216014475),
(8, 16.45220671063218, 30.316928747924393, -54.63338226686097),
(9, 23.773166130042533, 54.79228204405531, -24.34228460149491),
(10, 0.2691004176035588, 86.77202040694488, 3.2167195753408677),
(11, 0, -0, 0),
(12, 66.90207695246869, -21.629363650795508, 7.717941360493396),
(13, 66.76945896000814, -21.77360822104985, 7.70594660337459),
(14, 66.5448659431305, -21.901404972250287, 7.98388180164641),
(15, 66.32142366770401, -21.959857725420882, 8.420365688696483),
(16, 66.63272430443315, -21.53092411108124, 8.649858686926438),
(17, 66.92892100927762, -21.77532081246977, 7.254787361584836),
(18, 66.9718115037067, -21.688208982184833, 7.3697224083891175),
(19, 66.92080919585837, -21.812754063996994, 7.174690644961395),
(20, 83.57088979055811, 3.744771914357372, 5.218441438859123),
(21, 83.75189929593074, 3.9774732876758017, 4.81078986079831),
(22, 83.84492640054215, 3.7589657870539135, 4.86690572671654),
(23, 83.78854683557319, 3.8518842583539166, 4.865533410187761),
(24, 84.5622767609699, 4.103368202326617, 3.5619709282540537),
(25, 83.3916818245496, 4.069777747969379, 5.197628533197151),
(26, 83.84808592547162, 3.807931105905269, 4.8246029739962575),
(27, 84.16557220903528, 4.0658232388783, 4.177410804271469),
(28, 76.46778152109466, 3.230596343974049, 13.126661775216554),
(29, 77.29147873605933, 2.276000157414329, 12.49632787329502),
(30, 76.139043560891, 2.384519606205112, 13.646213225632684),
(31, 76.41404869678055, 2.2754420324058433, 13.386819787739677),
(32, 76.7234847578507, 2.422271323670742, 13.045707060515996),
(33, 77.07023859778475, 3.250192437422133, 12.50086389153238),
(34, 76.65648862811281, 2.1499631385304925, 13.162830393691435),
(35, 76.83902442098484, 2.8573247403228654, 12.836156560728991),
(36, 76.43715505761246, 2.004328507263154, 13.408311983853483),
(37, 76.16295202798545, 2.5402136991020754, 13.592731344983724),
(38, 77.24796945756579, 2.30548401171925, 12.534967903859702),
(39, 76.62288553201665, 2.2707238530857756, 13.175905676351944),
(40, 76.15695492010497, 3.423414957839884, 13.396680931602402),
(41, 76.48992548883406, 2.466674570618293, 13.274566371908389),
(42, 76.2159391254798, 2.4403766574087142, 13.557891887995416),
(43, 75.82608053434862, 1.867147009643796, 14.045283861358621),
(44, 75.91425149633304, 2.6138435141482113, 13.831233780118565),
(45, 76.74230829589874, 2.225267373903699, 13.062870825074606),
(46, 76.35992928418686, 1.9227223351583034, 13.498672697834849),
(47, 75.63496292818894, 2.197101837781894, 14.188859316757663),
(48, 76.12215322182477, 2.425116419356375, 13.65593150705088),
(49, 75.79656584970184, 2.497623182309776, 13.97300253677118),
(50, 75.7136904266019, 2.5060456712530685, 14.055565041268647),
(51, 76.3299166816768, 1.9877386422824865, 13.519224511067998),
(52, 75.92240084125056, 2.544378231331402, 13.836400205215659),
(53, 75.84100544311706, 2.452117001837641, 13.936289149047884),
(54, 75.84127902226683, 2.1377628535737183, 13.989724902312034),
(55, 75.65263792533909, 2.6116355434136227, 14.097609899769107),
(56, 75.67917507486972, 2.2525019603298406, 14.135070955228764),
(57, 76.46676863725138, 2.471660218794846, 13.297144069618147),
(58, 76.28634164658702, 2.1957527226433946, 13.529928024753769),
(59, 75.98402954542244, 2.525153926333389, 13.777452211419861),
(60, 76.25034987922218, 2.4198558222991307, 13.526773434780907),
(61, 75.69842565716287, 3.288728874946902, 13.90259295108147),
(62, 76.43404817055928, 1.9684396194839144, 13.416961288794417),
(63, 76.19327054505929, 1.8164561670613086, 13.682008198552234),
(64, 76.65229235129715, 2.579132415148302, 13.087093508644227),
(65, 77.03180945113823, 2.2826280945788593, 12.758805583216304),
(66, 76.7490040152992, 2.3645180196055793, 13.030741981959496),
(67, 77.26287453143131, 2.393446019306758, 12.502785494494889),
(68, 75.74602369742361, 2.545015718812399, 14.015444931956353),
(69, 75.93833897282946, 2.581175678869968, 13.813118583094472),
(70, 75.68769627661027, 2.2847685005565825, 14.121053869156293),
(71, 75.95425619828173, 2.3623876106420054, 13.837586077520246),
(72, 77.2307596901375, 2.3203366237853444, 12.549631988477685),
(73, 76.4379936834877, 2.43547719568521, 13.333288783485683),
(74, 75.62644213175888, 2.358965584844154, 14.17041580849956),
(75, 76.58119320387381, 2.3901765181496852, 13.196367018549841),
(76, 77.1186739768923, 1.7872811690456876, 12.752495725000015),
(77, 76.06916066063226, 2.693140028453117, 13.657699754636912),
(78, 76.55455141682738, 2.3597044708486865, 13.229088444837409),
(79, 75.81735268713675, 2.2729463661762868, 13.991775408498551),
(80, 75.95172754002867, 2.0948271945438033, 13.884844501803748),
(81, 75.4219045883843, 2.328530620254334, 14.382766108585821),
(82, 75.97851731053765, 1.8098451411064074, 13.899433172464287),
(83, 76.21520991695552, 2.061899267050674, 13.623667924815994),
(84, 0, -0, 0),
(85, 57.928111879826595, 26.304568318435553, -17.00882814507497),
(86, 58.574790052432235, 26.044293876115965, -16.330797575960855),
(87, 59.059572293230424, 25.73764676182688, -15.978012786192311),
(88, 57.8820704576325, 25.931157951387405, -17.601524436276264),
(89, 58.08716997623705, 25.91063970411323, -17.30751002105733),
(90, 58.16002461168079, 25.82649239696422, -17.308790977399305),
(91, 58.90185475185617, 25.35755510189377, -16.782085181377226),
(92, 58.55265525150456, 25.098845280291183, -17.682240508595942),
(93, 58.21542933044323, 26.005319938742183, -16.971041673144384),
(94, 58.27138209224822, 26.114607223756266, -16.72529091235431),
(95, 58.5063269353019, 25.517873239061668, -17.187909778841718),
(96, 58.81598031007368, 25.276750036467128, -17.030954770728034),
(97, 58.60432364189573, 25.81385827083809, -16.61572870086631),
(98, 58.037615824307146, 26.16487614124468, -17.030854542647315),
(99, 57.87547139705955, 26.31177260898647, -17.083164658690503),
(100, 58.10592381389702, 25.636795261101295, -17.652405636564026),
(101, 58.64817172298516, 26.144586985915954, -16.061081052351145),
(102, 57.66667401981837, 26.119014680452132, -17.68150868170562),
(103, 58.51331453121978, 25.81714936223353, -16.758292120829882),
(104, 0, -0, 0),
(105, 37.65385514554229, -20.61865835868986, 45.16081641173755),
(106, 37.011707143079114, -20.45802171705026, 45.88577953098213),
(107, 37.681007495801396, -21.353070147429975, 44.643403984351124),
(108, 37.737427783579804, -20.823997874951353, 44.944036955847004),
(109, 37.475400589859476, -21.385550816047612, 44.82011396917995),
(110, 37.71630076041131, -20.745637702491198, 45.01648108555584),
(111, 37.6704964329745, -20.619899012777367, 45.14389996468132),
(112, 37.63874845009769, -20.584618676455094, 45.197851907600885),
(113, 37.411786655785725, -20.56278796412559, 45.43151063823207),
(114, 37.569295579904626, -20.421858794676645, 45.37180573829075),
(115, 37.704277745775315, -21.162750722823628, 44.749509118256285),
(116, 37.64037479109587, -20.970531709400973, 44.94028746715907),
(117, 38.136077746738685, -20.092296346071095, 45.036664719528964),
(118, 37.14670093228186, -19.49598050626473, 46.374065868848234),
(119, 37.49964096303354, -20.54242783120971, 45.360063986112664),
(120, 37.40793262148587, -20.119300994488782, 45.724380202392744),
(121, 38.00542734923384, -20.59455926623535, 44.83607761214435),
(122, 36.939211284542395, -20.489682849573263, 45.93472481923391),
(123, 37.62034782012812, -20.7347908238807, 45.11649368645052),
(124, 37.73870400856302, -20.76180154756435, 44.984083784914546),
(125, 36.571878810750334, -20.452840115622852, 46.31138341682125),
(126, 37.27448187547413, -20.90243222334792, 45.3390324426825),
(127, 37.4321664807804, -20.43297180042572, 45.49700803539412),
(128, 36.90170622873891, -20.752416313730667, 45.7974809378922),
(129, 37.45951979685352, -20.62046123789653, 45.3474479534877),
(130, 37.70327652204056, -20.766550443022833, 45.015225348852404),
(131, 36.64303299948155, -21.296086765740384, 45.68139666896958),
(132, 37.29221506430387, -20.71923113234767, 45.44363210290823),
(133, 37.29314182282801, -20.635191680208056, 45.498272177269044),
(134, 37.309368837575065, -20.351610329996703, 45.66865922842226),
(135, 37.42114211677127, -20.71466981150052, 45.32227428135715),
(136, 37.201696501212325, -20.550614632543247, 45.642112299111076),
(137, 37.201165318282115, -20.66246269879569, 45.56891525047688),
(138, 36.91415172337123, -20.761442218065742, 45.77953947154462),
(139, 37.430317922801, -20.784482881198503, 45.267155639967434),
(140, 36.942504275035624, -20.903490027095348, 45.657837014142785),
(141, 36.94346986961713, -20.526255974089548, 45.90661729729473),
(142, 37.489575885983236, -20.82890556628266, 45.180434529155875),
(143, 37.184137414581485, -20.367351467169044, 45.779098755390294),
(144, 37.51094420820734, -20.845684993859283, 45.148637111727105),
(145, 37.0229737117525, -20.555377939051407, 45.81102615316979),
(146, 37.54758861290455, -20.69987791657104, 45.209934277151916),
(147, 37.239556985247695, -19.818917005284657, 46.07975957988574),
(148, 37.490090602235725, -19.898508135976105, 45.78705663317027),
(149, 37.137224333114844, -20.60176283725729, 45.6705396281962),
(150, 37.42015471237552, -20.860893395928485, 45.22618796170304),
(151, 37.13201070894756, -20.682375090460496, 45.62235827497822),
(152, 37.57150850877509, -20.470611495419927, 45.337748662440625),
(153, 37.39502003486191, -20.862514931692893, 45.24936669348773),
(154, 36.44831855016823, -21.1802725179527, 45.946008547340575),
(155, 37.13757718266448, -19.75772929890864, 46.21706542907088),
(156, 37.311997423378614, -21.003931289456325, 45.23506821854911),
(157, 36.91514231129099, -20.93360941921482, 45.66403176354888),
(158, 36.772047041732506, -20.28973780011441, 46.22598084382269),
(159, 37.11614702426215, -20.652712962909728, 45.65722561567168),
(160, 37.205835012077976, -20.98318745044364, 45.35126135224927),
(161, 38.28478210020705, -19.459709693074867, 45.294931826114876),
(162, 38.54583235766696, -19.549684174808114, 44.98410844014456),
(163, 38.972640802954935, -19.19716117242056, 44.78802510912064),
(164, 38.01718717702698, -20.136103670934684, 45.1238081957152),
(165, 38.19853376366134, -19.47948035004882, 45.366370229608336),
(166, 38.12392737602274, -19.735484395234064, 45.27700190016881),
(167, 38.0492787481885, -19.426134654197384, 45.54487244031586),
(168, 38.01473779461238, -19.583464200408052, 45.47935516169402),
(169, 38.2844376418826, -19.54695576341339, 45.240350876438434),
(170, 38.02623713064621, -19.52806591358774, 45.503145921636644),
(171, 37.70566874727634, -19.33367544656355, 45.93593352320905),
(172, 38.35717790144613, -19.854634295972605, 44.97427726485806),
(173, 37.65003168287518, -20.314285765772706, 45.36394020392354),
(174, 38.04414248598364, -19.846484663375723, 45.28374615123422),
(175, 37.698276185678296, -19.74276965414588, 45.685113230768444),
(176, 36.7103758812016, -20.383478078112695, 46.224010551392176),
(177, 37.514774044599626, -19.6724100135953, 45.907297927022654),
(178, 36.93064392958752, -20.242318195910585, 46.104472963138434),
(179, 37.8726568179195, -20.180446335462264, 45.23528986749702),
(180, 37.64903325132096, -19.98669311664428, 45.57682182693281),
(181, 37.428442348279084, -20.021170447245943, 45.76786049674154),
(182, 37.979429634968795, -19.71626811097168, 45.42949246564826),
(183, 37.82883034189702, -19.91332331472601, 45.44981193263807),
(184, 37.69520776182463, -19.953282627795872, 45.55359418400846),
(185, 37.55565886372062, -19.672150436593174, 45.867938923047774),
(186, 37.772617525171285, -19.739840869156442, 45.61499350528224),
(187, 37.379048242245396, -19.961377894125903, 45.853982796025576),
(188, 37.72406452123861, -19.172661337031084, 46.01842481703791),
(189, 38.59608688488102, -19.760889970523912, 44.80130892682408),
(190, 38.01030941801153, -19.952518458403, 45.24870867480064),
(191, 37.59034305502871, -19.783139175961796, 45.76384090660892),
(192, 37.21796623046577, -19.971074258343197, 46.00313335752875),
(193, 37.853479807765055, -19.761603929038753, 45.522800885701095),
(194, 37.229172191459064, -19.880469532067295, 46.05042763750987),
(195, 37.14754700200367, -19.84938932794128, 46.14897515162306),
(196, 37.92707466397656, -20.012109050252946, 45.291174909663106),
(197, 37.34105919166716, -20.18448436233816, 45.74674267570941),
(198, 37.69187285530065, -19.707741104098304, 45.71357553810122),
(199, 37.086912965207105, -19.76104502387781, 46.26375520200851),
(200, 38.14655061125023, -19.06885216141836, 45.67282681088489),
(201, 37.52462621599674, -20.197994549399183, 45.56074088338917),
(202, 37.235391665839565, -20.131378802145196, 45.883019248570335),
(203, 0, -0, 0),
(204, 64.82689290682994, -14.311170942489241, 20.25243452283967),
(205, 64.28132967756629, -14.33446158520354, 20.879032854536305),
(206, 0, -0, 0),
(207, 55.49906499202045, -4.633224706283953, 34.099399373187744),
(208, 55.724400074316165, -4.315446475982418, 33.926194684424935),
(209, 55.379756226985585, -4.522456780900082, 34.238309465858585),
(210, 55.596779183696334, -4.839957401103052, 33.964437581818665),
(211, 54.054342664664084, -5.57070552591206, 35.37570986011913),
(212, 52.720824408522425, -4.603042889595727, 36.895630245868915),
(213, 49.495413256273544, -3.791588680254543, 40.2507438313566),
(214, 52.055331998204935, -4.8749829424852065, 37.51719113604348),
(215, 52.97868020865386, -4.466528465098988, 36.659243144987265),
(216, 56.790316303899935, -2.2016982552766655, 33.11735132069728),
(217, 33.9540359548634, 7.372993359978507, 55.034681579606755),
(218, 56.41411886582081, -1.6022803894695594, 33.53726055417897),
(219, 55.75915264732805, -8.119188921880248, 33.00140407374802),
(220, 64.36136445290035, -0.9768720619155017, 25.61728326044813),
(221, 56.83219833993903, -3.0909075790990577, 32.985671208199385),
(222, 57.901913741216404, -2.16676592196783, 32.00704325906671),
(223, 57.93272736900498, -1.7936286135668034, 32.00485975467506),
(224, 57.59630590237038, -2.0009042201465395, 32.3264549443102),
(225, 57.735689301977864, -2.1911544473514546, 32.17146621826086),
(226, 57.45836623561929, -2.217400207826061, 32.44698533226904),
(227, 58.59186870581366, -0.3379001158913081, 31.405891081326093),
(228, 62.07613636714571, 2.232647417268628, 27.81865614062027),
(229, 58.46558928272451, -5.190911256935593, 31.005850445384077),
(230, 45.603426300648934, -4.467219903021889, 44.048849932512134),
(231, 56.24287525042093, 0.6922291083268994, 33.74807317175582),
(232, 48.26955781784151, 5.861292120952805, 41.12824496224275),
(233, 54.285545795102855, 0.6616399153084276, 35.70639400003707),
(234, 50.821266131040005, 2.6822826182881894, 39.050560051143705),
(235, 52.91712821960271, -1.3651928151300878, 37.0490609337928),
(236, 61.716340140711935, -0.16346257896977875, 28.283101039499787),
(237, 58.5761632194388, -1.4046388256333773, 31.385130656507457),
(238, 57.86423027780486, -7.374319521087328, 31.078362057274266),
(239, 53.66662587809513, -8.353075519079036, 35.057380862646795),
(240, 54.084561041539295, -4.601270603602619, 35.52648932108214),
(241, 52.31468645837699, -4.8717867692713535, 37.257372515015206),
(242, 54.742581848341786, 0.15913569012083528, 35.256949309848586),
(243, 59.51618786930023, 7.190859875329542, 29.44638744247714),
(244, 53.07868059503932, -6.505265901214557, 36.1525671543553),
(245, 59.3732956492466, -6.698187776537964, 29.729790356128557),
(246, 50.37888961512351, -5.361436154363766, 39.111039642625805),
(247, 53.462761871546356, -6.480631559689009, 35.77108886330612),
(248, 53.47951325844055, -2.618291176430062, 36.39540025774985),
(249, 59.45977701264177, -2.3112513297123436, 30.433654956277305),
(250, 53.59653568605175, -7.658145046289388, 35.33191385791681),
(251, 50.21499223555341, -5.279592756037524, 39.290929217441644),
(252, 56.765561704404845, -3.427181302733678, 33.01073013793175),
(253, 55.25264467903, -4.858386598197373, 34.30729305879733),
(254, 56.06694573195472, -7.05309049107078, 32.99404516674333),
(255, 54.18384634448802, -5.411129634818002, 35.27756893544763),
(256, 54.30634294098147, -3.3295802243736734, 35.48947255551885),
(257, 57.33945213425373, -1.1612747750886838, 32.63464332935266),
(258, 54.7171803109998, -5.547527310689412, 34.712981363893356),
(259, 46.71930483177373, -6.598559752014163, 42.52205856348316),
(260, 60.82521591650143, 1.0261084922404444, 29.153194043215915),
(261, 47.056312372545, -6.87412750808125, 42.119821511913166),
(262, 62.97388183589445, -7.257236368211577, 25.879774218314235),
(263, 55.48267133821532, -1.2370166714653252, 34.488726974344104),
(264, 74.02544660105471, 8.319421215832397, 13.538865904020268),
(265, 56.81446543376482, -0.13618933842044947, 33.18518122656696),
(266, 78.08421961199052, 1.8670796269378582, 11.764346346026867),
(267, 24.776436969632986, -7.601270898034543, 63.93060768014487),
(268, 57.86505444461898, -2.2976159213371976, 32.03263457867597),
(269, 54.89688653453646, 1.1395606997602419, 35.07902499551819),
(270, 50.71174600934941, -13.449955513406577, 36.08297714329905),
(271, 58.841314872924016, -5.20935642421784, 30.622635132733492),
(272, 57.43141467468368, -1.3520282177099818, 32.53341852277773),
(273, 54.775636547970215, -3.338502255054109, 35.01790136810493),
(274, 60.25905655545987, 1.1619370382811856, 29.713586609487994),
(275, 51.68318157873916, -2.029735783030078, 38.242920053694384),
(276, 53.23001149283764, -2.5712954577375307, 36.649669575985044),
(277, 57.48100148916165, -3.199624826111775, 32.321795341236424),
(278, 53.51776740278084, 2.3271735838065988, 36.38337438827219),
(279, 54.95610699903915, -1.4865027893349183, 35.00287289818356),
(280, 51.950066649299465, -4.5354501769424616, 37.68025433726077),
(281, 57.36777585093784, -4.114540040087322, 32.30660013239434),
(282, 58.01196359310657, 0.6127891246159689, 31.980742869363603),
(283, 57.486387778952775, -6.757345574026925, 31.632086169861537),
(284, 57.57385854124071, 1.9921420392164984, 32.3496057588441),
(285, 51.441407634592366, -6.6149156965361975, 37.776099728065894),
(286, 56.610401174737575, -2.4076229540942147, 33.2794839111284),
(287, 63.403251633892, -2.9864563874096337, 26.402008125266807),
(288, 50.22505307692085, 0.7658564730961221, 39.76453754473237),
(289, 56.652867488376536, -3.8458489438574524, 33.065877195779414),
(290, 53.65329839560526, -3.926102556778172, 36.064918569560064),
(291, 52.78533006152422, -6.586256495910358, 36.429079359318024),
(292, 55.89832953571294, -2.4124614697086817, 33.992252426570126),
(293, 41.51875604562626, -7.506010712824903, 47.49813786811149),
(294, 53.196554398141686, -3.978626830283725, 36.51549408234277),
(295, 51.400527446416184, -1.4385400582013081, 38.5624365071678),
(296, 58.31450750256223, -7.460106580769263, 30.594348739422113),
(297, 53.49748604563833, -12.456280407661982, 33.66769649516541),
(298, 54.02655610893825, 1.502586415715105, 35.93199776263289),
(299, 51.03481838067952, -1.5825458455821415, 38.92048648116276),
(300, 57.39439919346214, 0.6588972141288921, 32.59725431103407),
(301, 57.81999960656524, -4.8029541905416355, 31.732756797163816),
(302, 44.69398662634171, -6.122723589038686, 44.65420132034369),
(303, 58.50123962750068, -2.4391145724841676, 31.382170759493807),
(304, 50.43240695122043, -12.385140969313296, 36.85505164864863),
(305, 66.3651366276181, -0.36689264953033124, 23.63166486883287),
(306, 41.76678687590871, -13.062388286807435, 45.29961186100145),
(307, 59.45487727080361, -3.7546143432733983, 30.2636895872072),
(308, 52.146331583570685, -0.8796601667890195, 37.83973187442258),
(309, 59.72231976846767, -5.831259010852704, 29.593854627836993),
(310, 60.45832481034155, 3.1419020739045305, 29.340627127638736),
(311, 51.68670133780248, -7.6195822389916525, 37.273159978220065),
(312, 56.56048845859456, -12.55374332221172, 30.42294049052709),
(313, 56.21231858413411, -6.517155898872333, 32.98444168387438),
(314, 58.06102636796781, -4.527677140841133, 31.539933884794685),
(315, 54.46068071758472, -5.763763918904168, 34.92615228242785),
(316, 53.520866057550975, -0.34348771636847525, 36.47698016854323),
(317, 52.96987615895673, -2.8700710840731674, 36.88061983846788),
(318, 60.62283638363793, 29.29504206126587, 2.0052105135154297),
(319, 48.150084403390544, -15.770072085120642, 37.54019965713249),
(320, 50.547117972431494, -4.633276089183166, 39.07139483258331),
(321, 46.434313711037625, -5.272057303951611, 43.081111362901154),
(322, 54.864344925149915, -2.754283734329832, 34.99498048403792),
(323, 52.561010997939654, -5.830611254729092, 36.82465507901699),
(324, 52.69751081273475, -5.98277092616092, 36.65480441315721),
(325, 52.819830937805214, -5.018211318373389, 36.72388359599114),
(326, 52.978677770644666, -4.899685957305513, 36.58562694423438),
(327, 53.25293620959368, -4.891942585895002, 36.31149483905422),
(328, 49.84967458792646, -5.750479788848793, 39.56571315763296),
(329, 52.152644077905386, -3.6959101002982115, 37.60138819959538),
(330, 51.577012635481715, -7.527956674812117, 37.40867947593357),
(331, 55.290869843300996, -3.2240627674325752, 34.51529800303432),
(332, 54.16494968932939, -5.169603269147129, 35.3435946576981),
(333, 56.70817728556293, -2.2384218607650435, 33.19650334084201),
(334, 55.26147515688805, -2.1468729313138644, 34.65262176824973),
(335, 42.12245196851147, -3.2426212476634655, 47.6933593439248),
(336, 61.180171696097126, -0.9169180223048495, 28.802454975871417),
(337, 51.43337191555315, -4.264609618032631, 38.241202987848375),
(338, 40.55999569325588, -9.303697238839769, 47.929850882306916),
(339, 61.58498089981346, -8.971432481795663, 26.71657555574106),
(340, 57.1201415083851, 1.407010021612955, 32.84196197846511),
(341, 57.009488400827514, -3.192768565690684, 32.79563545217235),
(342, 25.168148010365634, -35.34289651823587, 44.112595476589895),
(343, 48.06496918579052, -10.844753880837526, 39.88548567374895),
(344, 60.90752639426604, 7.548885702854211, 27.91340526243496),
(345, 46.67658705411791, -13.073285192564668, 40.372728257852394),
(346, 54.10084686107434, -3.7547905332380815, 35.64010980198049),
(347, 53.995056994687914, -4.370866148606478, 35.654341507374596),
(348, 54.23821631458905, -3.982205232199451, 35.469936013808514),
(349, 54.548990596960984, -4.016514579462538, 35.152992020576754),
(350, 53.72827961692802, -3.0750096882969005, 36.098720685388955),
(351, 45.324968360671946, -3.1378568988071924, 44.50333780354078),
(352, 53.14752629656183, 5.064252566239971, 36.38620495849334),
(353, 51.10012844610868, -4.420416314054637, 38.55117676289101),
(354, 14.977565710870135, -0.964358929041467, 74.98996247279872),
(355, 44.22165813970388, 12.88622780320332, 42.926771145515985),
(356, 7.604828916400947, 0.558720814083958, -82.37443191202611),
(357, 13.985363356152773, -3.7733727690585317, 75.49442695285262),
(358, 7.572255008976279, 17.93073036883768, 70.43453520165758),
(359, 65.16565931982474, -23.107427350845953, -8.602694676832645),
(360, 75.14286718033642, -0.11799783446422456, 14.856642550715005),
(361, 56.140993815703105, -11.177316304170164, 31.48947560985681),
(362, 51.58906257348671, -24.411281608401833, 27.639317726869756),
(363, 46.98100725145906, 8.896853355762614, 41.6424598257327),
(364, 41.16566815956001, -8.670683644289092, 47.523992526861186),
(365, 81.62472995609018, -1.7528172109100773, 8.187217900220261),
(366, 46.89763374520179, -24.362170875921795, 33.007136846363125),
(367, 5.089055655726687, 20.0763765628096, 69.23424553140717),
(368, 81.14677438125247, 3.330432070212589, 8.193589188247957),
(369, 82.32343039267647, 7.085959348116479, 2.937713265033148),
(370, -33.77737099557838, 53.875551582452275, -11.309548446907579),
(371, 71.35535418830487, -4.262140709473225, 18.115841997303303),
(372, -7.123673386156855, 15.149973690170784, 73.18535950525376),
(373, 47.24976663762598, -19.90822965273522, 35.95979662330206),
(374, 54.85108975729117, 0.41530244642867825, 35.14571277182145),
(375, 47.72714804309625, 0.09638589946514527, 42.27268907423022),
(376, 56.05617238306299, -1.4571199189716681, 33.90382606467531),
(377, 54.73405721030293, -1.401381638310445, 35.22958737643496),
(378, 57.07138369104772, 0.6655909196324067, 32.92014296832533),
(379, 60.12474475628633, 0.6776267080184288, 29.865977425421327),
(380, 56.41513911620342, -1.2707276705572066, 33.55428078400303),
(381, 61.42947624501704, 3.686011396364628, 28.287709315875702),
(382, 56.41711986037755, 1.0268329950567614, 33.56291202758247),
(383, 52.805803674382126, -8.292902671577417, 35.94863809451444),
(384, 52.672774158392876, 0.20516751806751107, 37.326464006788896),
(385, 59.27374898681712, 2.567633477263759, 30.595184369806034),
(386, 49.55009231651206, 6.105308326294645, 39.792270131571385),
(387, 52.85197557091979, 2.9520151498738434, 36.990048692990186),
(388, 59.83069977858164, -0.6333085497975836, 30.161244158926742),
(389, 41.18159847084044, 48.75249951328772, -1.9350487871535145),
(390, -34.05002761613113, -22.39502255753659, -47.37131566616631),
(391, 4.640617795431574, 2.1469615946359233, 84.88482536192075),
(392, 42.3492476134675, 1.5318168978463242, 47.60963546305519),
(393, -0.8984643091963567, 3.6873233866551476, 86.20449933078785),
(394, 85.15996123426451, 2.6922654599120386, 4.019182079754009),
(395, -24.13350796334345, -34.223009024437545, -45.94663374541587),
(396, 68.03551240562254, 10.366143588841544, 19.141711017603555),
(397, 18.383765332364042, 11.95714924380131, 67.83076056366112),
(398, 27.361903879379405, 27.218892833540288, 49.577477450557595),
(399, 9.523856328261429, 15.286291912627492, 71.86473318509792),
(400, 1.7453841729195212, -25.69487199804877, -64.23717071241828),
(401, -22.390842847091957, -35.773621133642564, 45.754058200440134),
(402, -24.437790913993233, -31.75550392933869, -47.976776158294555),
(403, 53.71162378369294, -9.109903099683498, 34.769677530504055),
(404, -0.6588873314514787, -87.53748997982397, 2.3726201461948135),
(405, 15.93482941171759, 26.99969946826316, 57.957750573777155),
(406, -63.77192952449653, -18.279722359250634, 18.140272569029587),
(407, 62.25266298650964, 10.776230517402986, 25.238005312196805),
(408, 65.35909411814274, -9.226732997792226, 22.63535452084694),
(409, 60.03533274888909, -1.1485985808961474, 29.93805683523837),
(410, 57.379588041186345, -3.007527679567533, 32.44647710571593),
(411, 57.50970585516219, -4.097125223433454, 32.16666766563578),
(412, 58.51654142682282, -1.887129979288418, 31.41366082839703),
(413, 54.242188970560036, -5.01112371110129, 35.29560520067302),
(414, 61.659877830480816, -2.616678861434686, 28.196974547344723),
(415, 49.2516744659971, -7.575334564849788, 39.73864201458197),
(416, 63.62445784473264, 0.13263932690745858, 26.37515640785295),
(417, 57.92148268939733, -2.9041359638284714, 31.9148717790182),
(418, 55.6123442488302, -1.4040465052509288, 34.350743708883805),
(419, 56.26852113299656, -1.61524518919314, 33.682173338834836),
(420, 58.48093433338543, 2.3685631263851055, 31.409165872375183),
(421, 51.800785863506455, -1.13104411354533, 38.17624332904511),
(422, 57.12798405205421, -1.7179517995582219, 32.81550906431193),
(423, 64.98045399886169, -2.09126344347349, 24.919860027717956),
(424, 48.58114787968707, -8.86388924988449, 40.04309994026426),
(425, 74.84337239534878, 0.4887225445361338, 15.148366428927561),
(426, 83.55700470458112, 3.4911453138636532, 5.408443637336902),
(427, 42.72057092781472, 0.26172676729368877, 47.27822972174415),
(428, -12.70619808641451, 6.194772464355563, 75.81840241161528),
(429, 29.097976089515225, 9.445418745928308, 59.11957947241449),
(430, 73.30247341271583, 11.64407455391501, 11.799679202073442),
(431, 28.843045828253835, -3.790490791682473, 60.861626559513205),
(432, -5.097611174751182, 12.219863427719748, 76.72902178376151),
(433, -6.453997189588761, -65.59546864237798, 23.427760191036388),
(434, 73.18870529716888, -12.11092260981323, 11.482803074632553),
(435, 24.837475798842647, 1.6276415414769987, 65.10194630418707),
(436, 70.31915164830497, -1.5193260023400856, 19.61725228614936),
(437, 39.845335645938206, 16.358817917097706, 45.5817886743134),
(438, 54.0607812910227, 23.096872818111855, 25.885277821113572),
(439, -6.20861886533149, -1.9938057675931844, 83.47669428717023),
(440, -11.278144348426428, 77.73514446352193, 4.757392761133244),
(441, 16.214821608699726, 20.970737224705125, 63.00330285435437),
(442, -12.89536386480483, 6.753953708421865, 75.38854221932847),
(443, 38.300258533080445, -2.251104745823076, 51.60890331223311),
(444, 59.26217320831788, 0.3142110228947212, 30.735865574582476),
(445, 68.68560710950669, 3.389295793048839, 21.01701614866785),
(446, 66.33039079611616, -2.8882417467940456, 23.471156313345386),
(447, 34.36994564689662, -4.114367629525752, 55.31424458049911),
(448, 61.238958908956214, -6.321299107115942, 27.92988718602722),
(449, 51.64409365040175, 1.9213449993257241, 38.28971056181382),
(450, 53.791017426043716, -0.4175170434675061, 36.20579101545772),
(451, 57.43566366967495, 0.31561056328322795, 32.5624200740487),
(452, 66.86014818607089, 7.173810356790846, 21.876474705790976),
(453, 60.20315847203645, 5.852696691522615, 29.101033414568366),
(454, 58.33582764646902, 13.696478291498106, 27.93733446115859),
(455, 64.60309895791292, 13.378031827333366, 21.16911696675874),
(456, 61.90861056750783, 15.300904146325749, 22.95372580315045),
(457, 61.15093597659262, 8.194184046974312, 27.449879585023517),
(458, 57.718362107899154, -8.320915389481595, 30.93738414725007),
(459, 53.55578220131546, -0.9794199340833976, 36.4267001031002),
(460, 62.528063729728416, -3.6046814128216864, 27.1943118640507),
(461, 47.25688585934674, -0.8438244819316943, 42.73064872499832),
(462, 69.55309211026986, -2.303639670583076, 20.30509952403166),
(463, 65.03256668576086, -4.391068015738852, 24.525689403263314),
(464, 58.78398477700655, -2.310955417726026, 31.110823373026506),
(465, 60.04268160169742, -4.256809487407936, 29.591122843321166),
(466, 59.33600060354521, -5.749728169151597, 30.004359459248644),
(467, 55.56296041875677, -1.881370500716729, 34.37080570077939),
(468, 57.830500832881555, -4.2262472988890964, 31.82326605093312),
(469, 52.26257265238945, -1.9019632926721393, 37.67221072333126),
(470, 52.225566530867646, -0.7440028984834882, 37.7644568247078),
(471, 56.43388512825445, -0.7434491839731994, 33.55564505957974),
(472, 54.982240981031964, -4.324709121126207, 34.670342175167356),
(473, 52.555480349313214, -6.572999889506179, 36.663907087120954),
(474, 58.35828589631477, -3.1354914660696833, 31.449483098053136),
(475, 53.44419668283589, -7.487655202074977, 35.53323268982022),
(476, 67.63787205955593, 1.732531519163771, 22.287604364534545),
(477, 55.49421654514864, 3.542390879580456, 34.27113416643365),
(478, 63.79868664714411, -0.5828118241282362, 26.193830564387355),
(479, 64.28742750482168, -1.6023787614482161, 25.65522041073902),
(480, 56.70705096085249, -2.6127519415378813, 33.16307559892564),
(481, 57.63073126346213, -11.459854203887522, 29.811145156619695),
(482, 47.43654605264903, -7.921668956460309, 41.46917550584301),
(483, 60.53188343173012, -6.032749861354402, 28.72340086007978),
(484, 57.74262604337126, -5.3915868331249435, 31.6943149568031),
(485, 58.26001490576292, -0, 31.73998509423708),
(486, 53.86959755706844, -2.2572769465287057, 36.03703275562216),
(487, 53.19774374822377, -2.3297521661628804, 36.703512926029134),
(488, 55.251388143799105, -4.040864162273093, 34.444244776720446),
(489, 59.61172348670008, -0.3824676578128342, 30.385351036537983),
(490, 58.4461138541899, -1.5054710020878201, 31.509525608409163),
(491, 53.45777071283551, -4.597768359689703, 36.156617271391106),
(492, 56.999100461474704, -0.15142389691007416, 33.00046148171337),
(493, 58.86161205356778, -1.9313013522192921, 31.064824400289314),
(494, 60.011518748258545, 0.13166729274969396, 29.988131786345345),
(495, 55.74302214875574, 2.36595144663793, 34.15196631548841),
(496, 61.844806910786176, -4.7354006537552475, 27.683281339624923),
(497, 53.30345213599423, -1.1993789868707843, 36.670348546317626),
(498, 57.95527873668045, -4.908223544715231, 31.576533511031947),
(499, 29.67390730092445, -10.992419450253315, 57.959756488432284),
(500, 66.36768288650578, -3.326599766758805, 23.36852699477255),
(501, 62.540679353632115, 0.20361794228238786, 27.45843638575973),
(502, 52.735110874276096, 2.8664540306743294, 37.116108595932374),
(503, 64.81333775647062, -2.8772154134502017, 24.998718165846945),
(504, 68.63357242983106, 0.36539108630444517, 21.36299346277866),
(505, 43.94134719955997, -6.119593574234298, 45.40729146146308),
(506, 38.06404476758779, -5.541505917647401, 51.38687816942453),
(507, 60.18557378253921, -3.2966308610195787, 29.594322408922537),
(508, 54.48686306035013, -9.20018019130793, 33.948879202866706),
(509, 49.3267696848733, -1.4573037155685091, 40.6357416911506),
(510, 51.7130849841677, -5.983443515644531, 37.64506397320124),
(511, 40.9957260517384, -7.09246982217569, 48.123955529718216),
(512, 57.06519581135204, 0.9162778944736095, 32.91874733172395),
(513, 60.861748355470915, -5.339661012694115, 28.551148777767768),
(514, 33.66453421516765, -10.281622410936665, 54.38357838064534),
(515, 50.00447665369743, -3.088332196893684, 39.82655946730929),
(516, 56.92795767408087, -0.5685710780086208, 33.06587298809708),
(517, 48.04240399041167, -3.3363792628879563, 41.762363514043315),
(518, 50.56299010528314, 0.3466146878563684, 39.43487287116025),
(519, 53.39883716547392, 1.849551512518555, 36.53879793673481),
(520, 54.36696711448074, -0.675847120363851, 35.624614737583045),
(521, 59.676291511694586, -1.969339337301736, 30.246020800340393),
(522, 51.517119330002636, -5.527432580446344, 37.93599098734751),
(523, 56.07399706033141, -3.526650599516987, 33.691541409993164),
(524, 54.10395522379344, -1.8390570029418523, 35.83390312416115),
(525, 53.29871210720715, -3.0921493428802163, 36.52716522214589),
(526, 61.69475229789405, -11.697357013843616, 25.381243526627678),
(527, 58.38334986315256, -3.3334089083393983, 31.399268328789898),
(528, 53.92211190093543, -1.719897778139415, 36.02365098054427),
(529, 57.60088925862886, -2.4630560186752986, 32.28204814419068),
(530, 58.0441647618422, -2.964551154090665, 31.784947085618054),
(531, 57.9755937746888, -2.5554438590706723, 31.897596932294917),
(532, 57.1046205753423, -2.7509158152622586, 32.75051107030338),
(533, 56.797996668099294, -3.2834993591858024, 32.99656592949153),
(534, 57.29802856216861, -2.662590798057784, 32.56584031023778),
(535, 57.75349929322779, -2.6864096107706277, 32.106880724522256),
(536, 58.278955147569675, -2.810584014677434, 31.566826210849282),
(537, 57.847344869580745, -2.8244598811254162, 31.99806514401925),
(538, 58.62098206769562, -2.586502528237349, 31.24762220263818),
(539, 57.150531172984095, -3.38545467881954, 32.62985711259797),
(540, 57.56795515983134, -3.4322633836258896, 32.20477658855243),
(541, 57.59165130623969, -2.718695201162126, 32.265736154320926),
(542, 56.86133358683042, -2.947812642555943, 32.972941166423645),
(543, 57.37193159937788, -2.782409614039196, 32.47922672945209),
(544, 56.5007595094143, -2.904244459831303, 33.33925969053597),
(545, 66.75506289920723, -0.1346761458574469, 23.244500613396074),
(546, 59.3452663591634, -4.716387254227968, 30.211263083770827),
(547, 57.17165162940176, -1.115560068988456, 32.80450717706243),
(548, 57.24925918590367, -2.0060552648891337, 32.6735394580759),
(549, 57.41184207291298, -2.6132659272392655, 32.45678393727264),
(550, 56.9629480442547, -2.8531260279198944, 32.88156074774285),
(551, 58.06168874804119, -2.7416199652780913, 31.79212612404329),
(552, 57.27209227982186, -2.802049333040264, 32.5771996472004),
(553, 57.96689474296841, -2.6979519222324244, 31.891772376797576),
(554, 58.12987072279218, -3.2661675145199056, 31.662365012866957),
(555, 51.98948701268453, -5.656991219916073, 37.435326336399946),
(556, 46.41995959014527, -7.7215983178351975, 42.54327740570093),
(557, 50.931433495748834, 3.328564314970008, 38.87105306875714),
(558, 61.07644008444659, -3.5853238963577603, 28.658132533838963),
(559, 63.36680834954633, -1.3089636602197183, 26.595866162674056),
(560, 43.24279202760664, 4.936359714255691, 46.332342129357194),
(561, 55.78322721138792, -4.015954261509872, 33.91395548659502),
(562, 59.169576396926075, -13.763874930205038, 26.9958417148995),
(563, 24.75768024641269, 0.38623086171014465, 65.23889682640556),
(564, 58.032257292030714, -6.571791490617654, 31.126129613982638),
(565, 61.72310426229808, 12.667468473134017, 24.829624164760467),
(566, 54.248241343999275, 11.86339155947789, 33.15550427157276),
(567, 58.67449452989968, 11.377134740380122, 28.75212592447155),
(568, 60.68394647121389, 1.0957456270558568, 29.29150759404501),
(569, 60.9050372447349, 4.955764282623238, 28.589013987852514),
(570, 52.27462257233519, 18.932644314437198, 31.24976357277645),
(571, 59.46770721859957, -2.296024547083163, 30.42710879108067),
(572, 61.36071433638302, -4.528141027423554, 28.212749460722378),
(573, 54.480986861189905, -1.2687201011860845, 35.48930699564799),
(574, 60.22944389375887, -4.863693376364752, 29.290348793508546),
(575, 56.05863077879726, -6.510952506865291, 33.14150158773173),
(576, 51.65890504878144, 1.5602476458312833, 38.297435842961704),
(577, 55.190552453875696, -5.430527976149627, 34.26001575444315),
(578, 53.3858807900338, -2.251727781016162, 36.521697073124194),
(579, 59.53075387518641, -5.09833854491836, 29.94895220614689),
(580, 64.74843455869497, 2.5734238695014016, 25.101554630398248),
(581, 62.67496268465486, -1.0545375344994101, 27.301236860372523),
(582, 61.39862983311533, -6.134290411719659, 27.816011260254758),
(583, 57.68913315743451, -6.729128634624313, 31.433656137769958),
(584, 59.67854299495519, -1.7966496509654062, 30.25679784359157),
(585, 55.49086810727458, -4.121890416350721, 34.191408257933816),
(586, 57.557297042981716, -2.635839947848477, 32.30872995771648),
(587, 53.722792140150815, -1.140109585845506, 36.253427380542135),
(588, 58.99512096948955, -5.032915556032854, 30.503145200857286),
(589, 52.36074311923381, -3.154462253979282, 37.459723260769024),
(590, 87.36321200443598, -1.26473555622695, 2.313299565356741),
(591, 46.706024689820076, 6.8116363372531525, -42.48576046118802),
(592, 55.10527185429615, -3.882370935712469, 34.61431709732734),
(593, 55.93376073468781, -3.918509254364801, 33.77733175776874),
(594, 54.76531216535672, -4.124722571425705, 34.919543775171206),
(595, 55.14362931245406, -4.243150719513856, 34.52123317841791),
(596, 55.36613949266842, -3.886921401910693, 34.35181820795601),
(597, -53.22488705717556, -26.45503007926284, 23.574005677155125),
(598, 1.8370957121348859, 10.607903692078013, 79.23055455027792),
(599, -45.480785733231365, 23.85942758965477, 34.93922976790021),
(600, -28.65745274801105, -26.08378284942461, 49.4113002391184),
(601, 23.301158696899517, -28.6940854017613, 51.53092752788538),
(602, 79.50734051945713, -0.9934652241111412, 10.444458731105163),
(603, 60.842557628107315, 6.117563416260515, 28.386261208249618),
(604, 61.464316944182364, 5.991057021522349, 27.785605177917727),
(605, 62.25802177512459, -16.780565951248985, 21.416411041913296),
(606, 60.88705991867744, -17.558203300829867, 22.43997448428656),
(607, 60.790214143080796, -18.018755598105685, 22.175821561424677),
(608, 60.75939319419522, -17.552817712681254, 22.597951527611404),
(609, 61.73367430059192, -17.628748977395944, 21.350799670282814),
(610, 60.636790988795596, -17.941902346734462, 22.426536578392184),
(611, 60.45545184991112, -18.201040119739442, 22.43000693432548),
(612, 60.71360483228729, -18.14234249790198, 22.164939338933582),
(613, 61.02050570432804, -17.43660289944377, 22.37819726218169),
(614, 60.93118495769584, -17.79756516807175, 22.189445225172214),
(615, 61.92639279107713, -17.222534876817583, 21.45634474282025),
(616, 61.09647495016796, -17.75074126248606, 22.027540670105708),
(617, 60.59057860566816, -17.865478424292867, 22.54571319442204),
(618, 61.08998945646818, -18.039716690341326, 21.791384302393045),
(619, 60.892382386020586, -18.369179848804226, 21.75082974493209),
(620, 60.9122068101575, -17.833621328972942, 22.18246228225564),
(621, 60.97716794410758, -17.562960132260002, 22.327418209665296),
(622, 61.50344883705302, -17.78016719653016, 21.504925678266535),
(623, 61.11993389478412, -16.914452215897555, 22.675520340119512),
(624, 60.64206714302205, -18.289193138276, 22.127536727751966),
(625, 61.302127815024825, -18.29399010439456, 21.30872854223388),
(626, 61.94914103999896, -17.184254960395656, 21.460374335722964),
(627, 61.674937934822765, -16.504224653808038, 22.335315247340564),
(628, 61.02786732468234, -17.402098207544597, 22.397324229938114),
(629, 61.007986204945155, -17.66945616435825, 22.202537489632586);

-- --------------------------------------------------------

--
-- Table structure for table `sensor_data`
--

CREATE TABLE `sensor_data` (
  `data_ID` int(11) NOT NULL,
  `date` date NOT NULL,
  `time` int(11) NOT NULL
) ENGINE=InnoDB DEFAULT CHARSET=utf8mb4 COLLATE=utf8mb4_general_ci;

--
-- Dumping data for table `sensor_data`
--

INSERT INTO `sensor_data` (`data_ID`, `date`, `time`) VALUES
(0, '2023-11-07', 1699359302),
(1, '2023-11-07', 1699359304),
(2, '2023-11-07', 1699359306),
(3, '2023-11-07', 1699359308),
(4, '2023-11-07', 1699359310),
(5, '2023-11-07', 1699359312),
(6, '2023-11-07', 1699359314),
(7, '2023-11-07', 1699359316),
(8, '2023-11-07', 1699359318),
(9, '2023-11-07', 1699359320),
(10, '2023-11-07', 1699359322),
(11, '2023-12-26', 1703596698),
(12, '2023-12-26', 1703596700),
(13, '2023-12-26', 1703596702),
(14, '2023-12-26', 1703596704),
(15, '2023-12-26', 1703596706),
(16, '2023-12-26', 1703596708),
(17, '2023-12-26', 1703596710),
(18, '2023-12-26', 1703596712),
(19, '2023-12-26', 1703596714),
(20, '2024-01-02', 1704190113),
(21, '2024-01-02', 1704190115),
(22, '2024-01-02', 1704190117),
(23, '2024-01-02', 1704190119),
(24, '2024-01-02', 1704190121),
(25, '2024-01-02', 1704190123),
(26, '2024-01-02', 1704190125),
(27, '2024-01-02', 1704190127),
(28, '2024-01-02', 1704190740),
(29, '2024-01-02', 1704190743),
(30, '2024-01-02', 1704190745),
(31, '2024-01-02', 1704190747),
(32, '2024-01-02', 1704190749),
(33, '2024-01-02', 1704190751),
(34, '2024-01-02', 1704190753),
(35, '2024-01-02', 1704190755),
(36, '2024-01-02', 1704190757),
(37, '2024-01-02', 1704190759),
(38, '2024-01-02', 1704190761),
(39, '2024-01-02', 1704190763),
(40, '2024-01-02', 1704190765),
(41, '2024-01-02', 1704190767),
(42, '2024-01-02', 1704190769),
(43, '2024-01-02', 1704190771),
(44, '2024-01-02', 1704190773),
(45, '2024-01-02', 1704190775),
(46, '2024-01-02', 1704190777),
(47, '2024-01-02', 1704190779),
(48, '2024-01-02', 1704190781),
(49, '2024-01-02', 1704190783),
(50, '2024-01-02', 1704190785),
(51, '2024-01-02', 1704190787),
(52, '2024-01-02', 1704190789),
(53, '2024-01-02', 1704190791),
(54, '2024-01-02', 1704190793),
(55, '2024-01-02', 1704190795),
(56, '2024-01-02', 1704190797),
(57, '2024-01-02', 1704190799),
(58, '2024-01-02', 1704190801),
(59, '2024-01-02', 1704190803),
(60, '2024-01-02', 1704190805),
(61, '2024-01-02', 1704190807),
(62, '2024-01-02', 1704190809),
(63, '2024-01-02', 1704190811),
(64, '2024-01-02', 1704190813),
(65, '2024-01-02', 1704190815),
(66, '2024-01-02', 1704190818),
(67, '2024-01-02', 1704190820),
(68, '2024-01-02', 1704190822),
(69, '2024-01-02', 1704190824),
(70, '2024-01-02', 1704190826),
(71, '2024-01-02', 1704190828),
(72, '2024-01-02', 1704190830),
(73, '2024-01-02', 1704190832),
(74, '2024-01-02', 1704190834),
(75, '2024-01-02', 1704190836),
(76, '2024-01-02', 1704190838),
(77, '2024-01-02', 1704190840),
(78, '2024-01-02', 1704190842),
(79, '2024-01-02', 1704190844),
(80, '2024-01-02', 1704190846),
(81, '2024-01-02', 1704190848),
(82, '2024-01-02', 1704190850),
(83, '2024-01-02', 1704190852),
(84, '2024-01-04', 1704364300),
(85, '2024-01-04', 1704364302),
(86, '2024-01-04', 1704364304),
(87, '2024-01-04', 1704364306),
(88, '2024-01-04', 1704364308),
(89, '2024-01-04', 1704364310),
(90, '2024-01-04', 1704364312),
(91, '2024-01-04', 1704364314),
(92, '2024-01-04', 1704364316),
(93, '2024-01-04', 1704364318),
(94, '2024-01-04', 1704364320),
(95, '2024-01-04', 1704364322),
(96, '2024-01-04', 1704364325),
(97, '2024-01-04', 1704364327),
(98, '2024-01-04', 1704364329),
(99, '2024-01-04', 1704364331),
(100, '2024-01-04', 1704364333),
(101, '2024-01-04', 1704364335),
(102, '2024-01-04', 1704364337),
(103, '2024-01-04', 1704364339),
(104, '2024-01-14', 1705231391),
(105, '2024-01-14', 1705231393),
(106, '2024-01-14', 1705231395),
(107, '2024-01-14', 1705231397),
(108, '2024-01-14', 1705231399),
(109, '2024-01-14', 1705231401),
(110, '2024-01-14', 1705231403),
(111, '2024-01-14', 1705231405),
(112, '2024-01-14', 1705231445),
(113, '2024-01-14', 1705231447),
(114, '2024-01-14', 1705231449),
(115, '2024-01-14', 1705231451),
(116, '2024-01-14', 1705231453),
(117, '2024-01-14', 1705231455),
(118, '2024-01-14', 1705231457),
(119, '2024-01-14', 1705231459),
(120, '2024-01-14', 1705231461),
(121, '2024-01-14', 1705231463),
(122, '2024-01-14', 1705231465),
(123, '2024-01-14', 1705231467),
(124, '2024-01-14', 1705231469),
(125, '2024-01-14', 1705231471),
(126, '2024-01-14', 1705231553),
(127, '2024-01-14', 1705231555),
(128, '2024-01-14', 1705231557),
(129, '2024-01-14', 1705231559),
(130, '2024-01-14', 1705231561),
(131, '2024-01-14', 1705231564),
(132, '2024-01-14', 1705231566),
(133, '2024-01-14', 1705232021),
(134, '2024-01-14', 1705232023),
(135, '2024-01-14', 1705232025),
(136, '2024-01-14', 1705232027),
(137, '2024-01-14', 1705232341),
(138, '2024-01-14', 1705232343),
(139, '2024-01-14', 1705232345),
(140, '2024-01-14', 1705232347),
(141, '2024-01-14', 1705232349),
(142, '2024-01-14', 1705232550),
(143, '2024-01-14', 1705232552),
(144, '2024-01-14', 1705232554),
(145, '2024-01-14', 1705232556),
(146, '2024-01-14', 1705232558),
(147, '2024-01-14', 1705232560),
(148, '2024-01-14', 1705232562),
(149, '2024-01-14', 1705232564),
(150, '2024-01-14', 1705232566),
(151, '2024-01-14', 1705232568),
(152, '2024-01-14', 1705232570),
(153, '2024-01-14', 1705232885),
(154, '2024-01-14', 1705232887),
(155, '2024-01-14', 1705232889),
(156, '2024-01-14', 1705232891),
(157, '2024-01-14', 1705232893),
(158, '2024-01-14', 1705232895),
(159, '2024-01-14', 1705232897),
(160, '2024-01-14', 1705232899),
(161, '2024-01-14', 1705233479),
(162, '2024-01-14', 1705233481),
(163, '2024-01-14', 1705233483),
(164, '2024-01-14', 1705233485),
(165, '2024-01-14', 1705233487),
(166, '2024-01-14', 1705233616),
(167, '2024-01-14', 1705233618),
(168, '2024-01-14', 1705233620),
(169, '2024-01-14', 1705233622),
(170, '2024-01-14', 1705233624),
(171, '2024-01-14', 1705233626),
(172, '2024-01-14', 1705233628),
(173, '2024-01-14', 1705233630),
(174, '2024-01-14', 1705233948),
(175, '2024-01-14', 1705233950),
(176, '2024-01-14', 1705233952),
(177, '2024-01-14', 1705233954),
(178, '2024-01-14', 1705233956),
(179, '2024-01-14', 1705233958),
(180, '2024-01-14', 1705233960),
(181, '2024-01-14', 1705233968),
(182, '2024-01-14', 1705233970),
(183, '2024-01-14', 1705234184),
(184, '2024-01-14', 1705234186),
(185, '2024-01-14', 1705234188),
(186, '2024-01-14', 1705234190),
(187, '2024-01-14', 1705234192),
(188, '2024-01-14', 1705234194),
(189, '2024-01-14', 1705234196),
(190, '2024-01-14', 1705234198),
(191, '2024-01-14', 1705234337),
(192, '2024-01-14', 1705234339),
(193, '2024-01-14', 1705234341),
(194, '2024-01-14', 1705234343),
(195, '2024-01-14', 1705234345),
(196, '2024-01-14', 1705234347),
(197, '2024-01-14', 1705234349),
(198, '2024-01-14', 1705234351),
(199, '2024-01-14', 1705234353),
(200, '2024-01-14', 1705234355),
(201, '2024-01-14', 1705234357),
(202, '2024-01-14', 1705234359),
(203, '2024-01-15', 1705312292),
(204, '2024-01-15', 1705312294),
(205, '2024-01-15', 1705312296),
(206, '2024-01-15', 1705314137),
(207, '2024-01-15', 1705314139),
(208, '2024-01-15', 1705314141),
(209, '2024-01-15', 1705314143),
(210, '2024-01-15', 1705314145),
(211, '2024-01-15', 1705314147),
(212, '2024-01-15', 1705314149),
(213, '2024-01-15', 1705314151),
(214, '2024-01-15', 1705314153),
(215, '2024-01-15', 1705314155),
(216, '2024-01-15', 1705314157),
(217, '2024-01-15', 1705314159),
(218, '2024-01-15', 1705314161),
(219, '2024-01-15', 1705314163),
(220, '2024-01-15', 1705314165),
(221, '2024-01-15', 1705314167),
(222, '2024-01-15', 1705314170),
(223, '2024-01-15', 1705314172),
(224, '2024-01-15', 1705314174),
(225, '2024-01-15', 1705314176),
(226, '2024-01-15', 1705314178),
(227, '2024-01-15', 1705314180),
(228, '2024-01-15', 1705314182),
(229, '2024-01-15', 1705314184),
(230, '2024-01-15', 1705314186),
(231, '2024-01-15', 1705314188),
(232, '2024-01-15', 1705314190),
(233, '2024-01-15', 1705314192),
(234, '2024-01-15', 1705314194),
(235, '2024-01-15', 1705314196),
(236, '2024-01-15', 1705314198),
(237, '2024-01-15', 1705314200),
(238, '2024-01-15', 1705314202),
(239, '2024-01-15', 1705314204),
(240, '2024-01-15', 1705314206),
(241, '2024-01-15', 1705314208),
(242, '2024-01-15', 1705314210),
(243, '2024-01-15', 1705314212),
(244, '2024-01-15', 1705314214),
(245, '2024-01-15', 1705314216),
(246, '2024-01-15', 1705314218),
(247, '2024-01-15', 1705314220),
(248, '2024-01-15', 1705314222),
(249, '2024-01-15', 1705314224),
(250, '2024-01-15', 1705314226),
(251, '2024-01-15', 1705314228),
(252, '2024-01-15', 1705314230),
(253, '2024-01-15', 1705314232),
(254, '2024-01-15', 1705314234),
(255, '2024-01-15', 1705314236),
(256, '2024-01-15', 1705314238),
(257, '2024-01-15', 1705314241),
(258, '2024-01-15', 1705314243),
(259, '2024-01-15', 1705314245),
(260, '2024-01-15', 1705314247),
(261, '2024-01-15', 1705314249),
(262, '2024-01-15', 1705314251),
(263, '2024-01-15', 1705314253),
(264, '2024-01-15', 1705314255),
(265, '2024-01-15', 1705314257),
(266, '2024-01-15', 1705314259),
(267, '2024-01-15', 1705314261),
(268, '2024-01-15', 1705314263),
(269, '2024-01-15', 1705314265),
(270, '2024-01-15', 1705314267),
(271, '2024-01-15', 1705314269),
(272, '2024-01-15', 1705314271),
(273, '2024-01-15', 1705314273),
(274, '2024-01-15', 1705314275),
(275, '2024-01-15', 1705314277),
(276, '2024-01-15', 1705314279),
(277, '2024-01-15', 1705314281),
(278, '2024-01-15', 1705314283),
(279, '2024-01-15', 1705314285),
(280, '2024-01-15', 1705314287),
(281, '2024-01-15', 1705314289),
(282, '2024-01-15', 1705314291),
(283, '2024-01-15', 1705314293),
(284, '2024-01-15', 1705314295),
(285, '2024-01-15', 1705314297),
(286, '2024-01-15', 1705314299),
(287, '2024-01-15', 1705314301),
(288, '2024-01-15', 1705314303),
(289, '2024-01-15', 1705314305),
(290, '2024-01-15', 1705314307),
(291, '2024-01-15', 1705314309),
(292, '2024-01-15', 1705314311),
(293, '2024-01-15', 1705314313),
(294, '2024-01-15', 1705314316),
(295, '2024-01-15', 1705314318),
(296, '2024-01-15', 1705314320),
(297, '2024-01-15', 1705314322),
(298, '2024-01-15', 1705314324),
(299, '2024-01-15', 1705314326),
(300, '2024-01-15', 1705314328),
(301, '2024-01-15', 1705314330),
(302, '2024-01-15', 1705314332),
(303, '2024-01-15', 1705314334),
(304, '2024-01-15', 1705314336),
(305, '2024-01-15', 1705314338),
(306, '2024-01-15', 1705314340),
(307, '2024-01-15', 1705314342),
(308, '2024-01-15', 1705314344),
(309, '2024-01-15', 1705314346),
(310, '2024-01-15', 1705314348),
(311, '2024-01-15', 1705314350),
(312, '2024-01-15', 1705314352),
(313, '2024-01-15', 1705314354),
(314, '2024-01-15', 1705314356),
(315, '2024-01-15', 1705314358),
(316, '2024-01-15', 1705314360),
(317, '2024-01-15', 1705314362),
(318, '2024-01-15', 1705314364),
(319, '2024-01-15', 1705314366),
(320, '2024-01-15', 1705314368),
(321, '2024-01-15', 1705314370),
(322, '2024-01-15', 1705314372),
(323, '2024-01-15', 1705314374),
(324, '2024-01-15', 1705314376),
(325, '2024-01-15', 1705314378),
(326, '2024-01-15', 1705314380),
(327, '2024-01-15', 1705314382),
(328, '2024-01-15', 1705314384),
(329, '2024-01-15', 1705314386),
(330, '2024-01-15', 1705314388),
(331, '2024-01-15', 1705314390),
(332, '2024-01-15', 1705314392),
(333, '2024-01-15', 1705314394),
(334, '2024-01-15', 1705314397),
(335, '2024-01-15', 1705314399),
(336, '2024-01-15', 1705314401),
(337, '2024-01-15', 1705314403),
(338, '2024-01-15', 1705314405),
(339, '2024-01-15', 1705314407),
(340, '2024-01-15', 1705314409),
(341, '2024-01-15', 1705314411),
(342, '2024-01-15', 1705314413),
(343, '2024-01-15', 1705314415),
(344, '2024-01-15', 1705314417),
(345, '2024-01-15', 1705314419),
(346, '2024-01-15', 1705314421),
(347, '2024-01-15', 1705314423),
(348, '2024-01-15', 1705314425),
(349, '2024-01-15', 1705314427),
(350, '2024-01-15', 1705314429),
(351, '2024-01-15', 1705314431),
(352, '2024-01-15', 1705314433),
(353, '2024-01-15', 1705314435),
(354, '2024-01-15', 1705314437),
(355, '2024-01-15', 1705314439),
(356, '2024-01-15', 1705314441),
(357, '2024-01-15', 1705314443),
(358, '2024-01-15', 1705314445),
(359, '2024-01-15', 1705314447),
(360, '2024-01-15', 1705314449),
(361, '2024-01-15', 1705314451),
(362, '2024-01-15', 1705314453),
(363, '2024-01-15', 1705314455),
(364, '2024-01-15', 1705314457),
(365, '2024-01-15', 1705314459),
(366, '2024-01-15', 1705314461),
(367, '2024-01-15', 1705314463),
(368, '2024-01-15', 1705314465),
(369, '2024-01-15', 1705314467),
(370, '2024-01-15', 1705314469),
(371, '2024-01-15', 1705314471),
(372, '2024-01-15', 1705314473),
(373, '2024-01-15', 1705314475),
(374, '2024-01-15', 1705314478),
(375, '2024-01-15', 1705314480),
(376, '2024-01-15', 1705314482),
(377, '2024-01-15', 1705314484),
(378, '2024-01-15', 1705314486),
(379, '2024-01-15', 1705314488),
(380, '2024-01-15', 1705314490),
(381, '2024-01-15', 1705314492),
(382, '2024-01-15', 1705314494),
(383, '2024-01-15', 1705314496),
(384, '2024-01-15', 1705314498),
(385, '2024-01-15', 1705314500),
(386, '2024-01-15', 1705314502),
(387, '2024-01-15', 1705314504),
(388, '2024-01-15', 1705314506),
(389, '2024-01-15', 1705314508),
(390, '2024-01-15', 1705314510),
(391, '2024-01-15', 1705314512),
(392, '2024-01-15', 1705314514),
(393, '2024-01-15', 1705314516),
(394, '2024-01-15', 1705314518),
(395, '2024-01-15', 1705314520),
(396, '2024-01-15', 1705314522),
(397, '2024-01-15', 1705314524),
(398, '2024-01-15', 1705314526),
(399, '2024-01-15', 1705314528),
(400, '2024-01-15', 1705314530),
(401, '2024-01-15', 1705314532),
(402, '2024-01-15', 1705314534),
(403, '2024-01-15', 1705314536),
(404, '2024-01-15', 1705314538),
(405, '2024-01-15', 1705314540),
(406, '2024-01-15', 1705314542),
(407, '2024-01-15', 1705314544),
(408, '2024-01-15', 1705314546),
(409, '2024-01-15', 1705314548),
(410, '2024-01-15', 1705314550),
(411, '2024-01-15', 1705314552),
(412, '2024-01-15', 1705314554),
(413, '2024-01-15', 1705314556),
(414, '2024-01-15', 1705314558),
(415, '2024-01-15', 1705314560),
(416, '2024-01-15', 1705314563),
(417, '2024-01-15', 1705314565),
(418, '2024-01-15', 1705314567),
(419, '2024-01-15', 1705314569),
(420, '2024-01-15', 1705314571),
(421, '2024-01-15', 1705314573),
(422, '2024-01-15', 1705314575),
(423, '2024-01-15', 1705314577),
(424, '2024-01-15', 1705314579),
(425, '2024-01-15', 1705314581),
(426, '2024-01-15', 1705314583),
(427, '2024-01-15', 1705314585),
(428, '2024-01-15', 1705314587),
(429, '2024-01-15', 1705314589),
(430, '2024-01-15', 1705314591),
(431, '2024-01-15', 1705314593),
(432, '2024-01-15', 1705314595),
(433, '2024-01-15', 1705314597),
(434, '2024-01-15', 1705314599),
(435, '2024-01-15', 1705314601),
(436, '2024-01-15', 1705314603),
(437, '2024-01-15', 1705314605),
(438, '2024-01-15', 1705314607),
(439, '2024-01-15', 1705314609),
(440, '2024-01-15', 1705314611),
(441, '2024-01-15', 1705314613),
(442, '2024-01-15', 1705314615),
(443, '2024-01-15', 1705314617),
(444, '2024-01-15', 1705314619),
(445, '2024-01-15', 1705314621),
(446, '2024-01-15', 1705314623),
(447, '2024-01-15', 1705314625),
(448, '2024-01-15', 1705314627),
(449, '2024-01-15', 1705314629),
(450, '2024-01-15', 1705314631),
(451, '2024-01-15', 1705314633),
(452, '2024-01-15', 1705314635),
(453, '2024-01-15', 1705314637),
(454, '2024-01-15', 1705314639),
(455, '2024-01-15', 1705314642),
(456, '2024-01-15', 1705314644),
(457, '2024-01-15', 1705314646),
(458, '2024-01-15', 1705314648),
(459, '2024-01-15', 1705314650),
(460, '2024-01-15', 1705314652),
(461, '2024-01-15', 1705314654),
(462, '2024-01-15', 1705314656),
(463, '2024-01-15', 1705314658),
(464, '2024-01-15', 1705314660),
(465, '2024-01-15', 1705314662),
(466, '2024-01-15', 1705314664),
(467, '2024-01-15', 1705314666),
(468, '2024-01-15', 1705314668),
(469, '2024-01-15', 1705314670),
(470, '2024-01-15', 1705314672),
(471, '2024-01-15', 1705314674),
(472, '2024-01-15', 1705314676),
(473, '2024-01-15', 1705314678),
(474, '2024-01-15', 1705314680),
(475, '2024-01-15', 1705314682),
(476, '2024-01-15', 1705314684),
(477, '2024-01-15', 1705314686),
(478, '2024-01-15', 1705314688),
(479, '2024-01-15', 1705314690),
(480, '2024-01-15', 1705314692),
(481, '2024-01-15', 1705314694),
(482, '2024-01-15', 1705314696),
(483, '2024-01-15', 1705314698),
(484, '2024-01-15', 1705314700),
(485, '2024-01-15', 1705314702),
(486, '2024-01-15', 1705314704),
(487, '2024-01-15', 1705314706),
(488, '2024-01-15', 1705314708),
(489, '2024-01-15', 1705314710),
(490, '2024-01-15', 1705314712),
(491, '2024-01-15', 1705314714),
(492, '2024-01-15', 1705314716),
(493, '2024-01-15', 1705314719),
(494, '2024-01-15', 1705314721),
(495, '2024-01-15', 1705314723),
(496, '2024-01-15', 1705314725),
(497, '2024-01-15', 1705314727),
(498, '2024-01-15', 1705314729),
(499, '2024-01-15', 1705314731),
(500, '2024-01-15', 1705314733),
(501, '2024-01-15', 1705314735),
(502, '2024-01-15', 1705314737),
(503, '2024-01-15', 1705314739),
(504, '2024-01-15', 1705314741),
(505, '2024-01-15', 1705314743),
(506, '2024-01-15', 1705314745),
(507, '2024-01-15', 1705314747),
(508, '2024-01-15', 1705314749),
(509, '2024-01-15', 1705314751),
(510, '2024-01-15', 1705314753),
(511, '2024-01-15', 1705314755),
(512, '2024-01-15', 1705314757),
(513, '2024-01-15', 1705314759),
(514, '2024-01-15', 1705314761),
(515, '2024-01-15', 1705314763),
(516, '2024-01-15', 1705314765),
(517, '2024-01-15', 1705314767),
(518, '2024-01-15', 1705314769),
(519, '2024-01-15', 1705314771),
(520, '2024-01-15', 1705314773),
(521, '2024-01-15', 1705314775),
(522, '2024-01-15', 1705314777),
(523, '2024-01-15', 1705314779),
(524, '2024-01-15', 1705314781),
(525, '2024-01-15', 1705314783),
(526, '2024-01-15', 1705314785),
(527, '2024-01-15', 1705314787),
(528, '2024-01-15', 1705314789),
(529, '2024-01-15', 1705314791),
(530, '2024-01-15', 1705314793),
(531, '2024-01-15', 1705314795),
(532, '2024-01-15', 1705314797),
(533, '2024-01-15', 1705314799),
(534, '2024-01-15', 1705314802),
(535, '2024-01-15', 1705314804),
(536, '2024-01-15', 1705314806),
(537, '2024-01-15', 1705314808),
(538, '2024-01-15', 1705314810),
(539, '2024-01-15', 1705314812),
(540, '2024-01-15', 1705314814),
(541, '2024-01-15', 1705314816),
(542, '2024-01-15', 1705314818),
(543, '2024-01-15', 1705314820),
(544, '2024-01-15', 1705314822),
(545, '2024-01-15', 1705314824),
(546, '2024-01-15', 1705314826),
(547, '2024-01-15', 1705314828),
(548, '2024-01-15', 1705314830),
(549, '2024-01-15', 1705314832),
(550, '2024-01-15', 1705314834),
(551, '2024-01-15', 1705314836),
(552, '2024-01-15', 1705314838),
(553, '2024-01-15', 1705314840),
(554, '2024-01-15', 1705314842),
(555, '2024-01-15', 1705314844),
(556, '2024-01-15', 1705314846),
(557, '2024-01-15', 1705314848),
(558, '2024-01-15', 1705314850),
(559, '2024-01-15', 1705314852),
(560, '2024-01-15', 1705314854),
(561, '2024-01-15', 1705314856),
(562, '2024-01-15', 1705314858),
(563, '2024-01-15', 1705314860),
(564, '2024-01-15', 1705314862),
(565, '2024-01-15', 1705314864),
(566, '2024-01-15', 1705314866),
(567, '2024-01-15', 1705314868),
(568, '2024-01-15', 1705314870),
(569, '2024-01-15', 1705314872),
(570, '2024-01-15', 1705314874),
(571, '2024-01-15', 1705314876),
(572, '2024-01-15', 1705314878),
(573, '2024-01-15', 1705314880),
(574, '2024-01-15', 1705314882),
(575, '2024-01-15', 1705314884),
(576, '2024-01-15', 1705314886),
(577, '2024-01-15', 1705314888),
(578, '2024-01-15', 1705314890),
(579, '2024-01-15', 1705314892),
(580, '2024-01-15', 1705314895),
(581, '2024-01-15', 1705314897),
(582, '2024-01-15', 1705314899),
(583, '2024-01-15', 1705314901),
(584, '2024-01-15', 1705314903),
(585, '2024-01-15', 1705314905),
(586, '2024-01-15', 1705314907),
(587, '2024-01-15', 1705314909),
(588, '2024-01-15', 1705314911),
(589, '2024-01-15', 1705314913),
(590, '2024-01-15', 1705314915),
(591, '2024-01-15', 1705314917),
(592, '2024-01-15', 1705314919),
(593, '2024-01-15', 1705314921),
(594, '2024-01-15', 1705314923),
(595, '2024-01-15', 1705314925),
(596, '2024-01-15', 1705314927),
(597, '2024-01-15', 1705314929),
(598, '2024-01-15', 1705314931),
(599, '2024-01-15', 1705314933),
(600, '2024-01-15', 1705314935),
(601, '2024-01-15', 1705314937),
(602, '2024-01-15', 1705314939),
(603, '2024-01-15', 1705314941),
(604, '2024-01-15', 1705314943),
(605, '2024-01-15', 1705314945),
(606, '2024-01-15', 1705314947),
(607, '2024-01-15', 1705314949),
(608, '2024-01-15', 1705314951),
(609, '2024-01-15', 1705314953),
(610, '2024-01-15', 1705314955),
(611, '2024-01-15', 1705314957),
(612, '2024-01-15', 1705314959),
(613, '2024-01-15', 1705314961),
(614, '2024-01-15', 1705314963),
(615, '2024-01-15', 1705314965),
(616, '2024-01-15', 1705314967),
(617, '2024-01-15', 1705314969),
(618, '2024-01-15', 1705314971),
(619, '2024-01-15', 1705314973),
(620, '2024-01-15', 1705314975),
(621, '2024-01-15', 1705314977),
(622, '2024-01-15', 1705314979),
(623, '2024-01-15', 1705314981),
(624, '2024-01-15', 1705314983),
(625, '2024-01-15', 1705314986),
(626, '2024-01-15', 1705314988),
(627, '2024-01-15', 1705314990),
(628, '2024-01-15', 1705314992),
(629, '2024-01-15', 1705314994);

-- --------------------------------------------------------

--
-- Table structure for table `voltage_data`
--

CREATE TABLE `voltage_data` (
  `data_ID` int(11) NOT NULL,
  `voltage` double NOT NULL
) ENGINE=InnoDB DEFAULT CHARSET=utf8mb4 COLLATE=utf8mb4_general_ci;

--
-- Dumping data for table `voltage_data`
--

INSERT INTO `voltage_data` (`data_ID`, `voltage`) VALUES
(0, 1),
(1, 1),
(2, 1),
(3, 1),
(4, 1),
(5, 1),
(6, 1),
(7, 1),
(8, 1),
(9, 1),
(10, 1),
(11, 1),
(12, 1),
(13, 1),
(14, 1),
(15, 1),
(16, 1),
(17, 1),
(18, 1),
(19, 1),
(20, 1),
(21, 1),
(22, 1),
(23, 1),
(24, 1),
(25, 1),
(26, 1),
(27, 1),
(28, 1),
(29, 1),
(30, 1),
(31, 1),
(32, 1),
(33, 1),
(34, 1),
(35, 1),
(36, 1),
(37, 1),
(38, 1),
(39, 1),
(40, 1),
(41, 1),
(42, 1),
(43, 1),
(44, 1),
(45, 1),
(46, 1),
(47, 1),
(48, 1),
(49, 1),
(50, 1),
(51, 1),
(52, 1),
(53, 1),
(54, 1),
(55, 1),
(56, 1),
(57, 1),
(58, 1),
(59, 1),
(60, 1),
(61, 1),
(62, 1),
(63, 1),
(64, 1),
(65, 1),
(66, 1),
(67, 1),
(68, 1),
(69, 1),
(70, 1),
(71, 1),
(72, 1),
(73, 1),
(74, 1),
(75, 1),
(76, 1),
(77, 1),
(78, 1),
(79, 1),
(80, 1),
(81, 1),
(82, 1),
(83, 1),
(84, 1),
(85, 1),
(86, 1),
(87, 1),
(88, 1),
(89, 1),
(90, 1),
(91, 1),
(92, 1),
(93, 1),
(94, 1),
(95, 1),
(96, 1),
(97, 1),
(98, 1),
(99, 1),
(100, 1),
(101, 1),
(102, 1),
(103, 1),
(104, 1),
(105, 1),
(106, 1),
(107, 1),
(108, 1),
(109, 1),
(110, 1),
(111, 1),
(112, 1),
(113, 1),
(114, 1),
(115, 1),
(116, 1),
(117, 1),
(118, 1),
(119, 1),
(120, 1),
(121, 1),
(122, 1),
(123, 1),
(124, 1),
(125, 1),
(126, 1),
(127, 1),
(128, 1),
(129, 1),
(130, 1),
(131, 1),
(132, 1),
(133, 1),
(134, 1),
(135, 1),
(136, 1),
(137, 1),
(138, 1),
(139, 1),
(140, 1),
(141, 1),
(142, 1),
(143, 1),
(144, 1),
(145, 1),
(146, 1),
(147, 1),
(148, 1),
(149, 1),
(150, 1),
(151, 1),
(152, 1),
(153, 1),
(154, 1),
(155, 1),
(156, 1),
(157, 1),
(158, 1),
(159, 1),
(160, 1),
(161, 1),
(162, 1),
(163, 1),
(164, 1),
(165, 1),
(166, 1),
(167, 1),
(168, 1),
(169, 1),
(170, 1),
(171, 1),
(172, 1),
(173, 1),
(174, 1),
(175, 1),
(176, 1),
(177, 1),
(178, 1),
(179, 1),
(180, 1),
(181, 1),
(182, 1),
(183, 1),
(184, 1),
(185, 1),
(186, 1),
(187, 1),
(188, 1),
(189, 1),
(190, 1),
(191, 1),
(192, 1),
(193, 1),
(194, 1),
(195, 1),
(196, 1),
(197, 1),
(198, 1),
(199, 1),
(200, 1),
(201, 1),
(202, 1),
(203, 1),
(204, 1),
(205, 1),
(206, 1),
(207, 1),
(208, 1),
(209, 1),
(210, 1),
(211, 1),
(212, 1),
(213, 1),
(214, 1),
(215, 1),
(216, 1),
(217, 1),
(218, 1),
(219, 1),
(220, 1),
(221, 1),
(222, 1),
(223, 1),
(224, 1),
(225, 1),
(226, 1),
(227, 1),
(228, 1),
(229, 1),
(230, 1),
(231, 1),
(232, 1),
(233, 1),
(234, 1),
(235, 1),
(236, 1),
(237, 1),
(238, 1),
(239, 1),
(240, 1),
(241, 1),
(242, 1),
(243, 1),
(244, 1),
(245, 1),
(246, 1),
(247, 1),
(248, 1),
(249, 1),
(250, 1),
(251, 1),
(252, 1),
(253, 1),
(254, 1),
(255, 1),
(256, 1),
(257, 1),
(258, 1),
(259, 1),
(260, 1),
(261, 1),
(262, 1),
(263, 1),
(264, 1),
(265, 1),
(266, 1),
(267, 1),
(268, 1),
(269, 1),
(270, 1),
(271, 1),
(272, 1),
(273, 1),
(274, 1),
(275, 1),
(276, 1),
(277, 1),
(278, 1),
(279, 1),
(280, 1),
(281, 1),
(282, 1),
(283, 1),
(284, 1),
(285, 1),
(286, 1),
(287, 1),
(288, 1),
(289, 1),
(290, 1),
(291, 1),
(292, 1),
(293, 1),
(294, 1),
(295, 1),
(296, 1),
(297, 1),
(298, 1),
(299, 1),
(300, 1),
(301, 1),
(302, 1),
(303, 1),
(304, 1),
(305, 1),
(306, 1),
(307, 1),
(308, 1),
(309, 1),
(310, 1),
(311, 1),
(312, 1),
(313, 1),
(314, 1),
(315, 1),
(316, 1),
(317, 1),
(318, 1),
(319, 1),
(320, 1),
(321, 1),
(322, 1),
(323, 1),
(324, 1),
(325, 1),
(326, 1),
(327, 1),
(328, 1),
(329, 1),
(330, 1),
(331, 1),
(332, 1),
(333, 1),
(334, 1),
(335, 1),
(336, 1),
(337, 1),
(338, 1),
(339, 1),
(340, 1),
(341, 1),
(342, 1),
(343, 1),
(344, 1),
(345, 1),
(346, 1),
(347, 1),
(348, 1),
(349, 1),
(350, 1),
(351, 1),
(352, 1),
(353, 1),
(354, 1),
(355, 1),
(356, 1),
(357, 1),
(358, 1),
(359, 1),
(360, 1),
(361, 1),
(362, 1),
(363, 1),
(364, 1),
(365, 1),
(366, 1),
(367, 1),
(368, 1),
(369, 1),
(370, 1),
(371, 1),
(372, 1),
(373, 1),
(374, 1),
(375, 1),
(376, 1),
(377, 1),
(378, 1),
(379, 1),
(380, 1),
(381, 1),
(382, 1),
(383, 1),
(384, 1),
(385, 1),
(386, 1),
(387, 1),
(388, 1),
(389, 1),
(390, 1),
(391, 1),
(392, 1),
(393, 1),
(394, 1),
(395, 1),
(396, 1),
(397, 1),
(398, 1),
(399, 1),
(400, 1),
(401, 1),
(402, 1),
(403, 1),
(404, 1),
(405, 1),
(406, 1),
(407, 1),
(408, 1),
(409, 1),
(410, 1),
(411, 1),
(412, 1),
(413, 1),
(414, 1),
(415, 1),
(416, 1),
(417, 1),
(418, 1),
(419, 1),
(420, 1),
(421, 1),
(422, 1),
(423, 1),
(424, 1),
(425, 1),
(426, 1),
(427, 1),
(428, 1),
(429, 1),
(430, 1),
(431, 1),
(432, 1),
(433, 1),
(434, 1),
(435, 1),
(436, 1),
(437, 1),
(438, 1),
(439, 1),
(440, 1),
(441, 1),
(442, 1),
(443, 1),
(444, 1),
(445, 1),
(446, 1),
(447, 1),
(448, 1),
(449, 1),
(450, 1),
(451, 1),
(452, 1),
(453, 1),
(454, 1),
(455, 1),
(456, 1),
(457, 1),
(458, 1),
(459, 1),
(460, 1),
(461, 1),
(462, 1),
(463, 1),
(464, 1),
(465, 1),
(466, 1),
(467, 1),
(468, 1),
(469, 1),
(470, 1),
(471, 1),
(472, 1),
(473, 1),
(474, 1),
(475, 1),
(476, 1),
(477, 1),
(478, 1),
(479, 1),
(480, 1),
(481, 1),
(482, 1),
(483, 1),
(484, 1),
(485, 1),
(486, 1),
(487, 1),
(488, 1),
(489, 1),
(490, 1),
(491, 1),
(492, 1),
(493, 1),
(494, 1),
(495, 1),
(496, 1),
(497, 1),
(498, 1),
(499, 1),
(500, 1),
(501, 1),
(502, 1),
(503, 1),
(504, 1),
(505, 1),
(506, 1),
(507, 1),
(508, 1),
(509, 1),
(510, 1),
(511, 1),
(512, 1),
(513, 1),
(514, 1),
(515, 1),
(516, 1),
(517, 1),
(518, 1),
(519, 1),
(520, 1),
(521, 1),
(522, 1),
(523, 1),
(524, 1),
(525, 1),
(526, 1),
(527, 1),
(528, 1),
(529, 1),
(530, 1),
(531, 1),
(532, 1),
(533, 1),
(534, 1),
(535, 1),
(536, 1),
(537, 1),
(538, 1),
(539, 1),
(540, 1),
(541, 1),
(542, 1),
(543, 1),
(544, 1),
(545, 1),
(546, 1),
(547, 1),
(548, 1),
(549, 1),
(550, 1),
(551, 1),
(552, 1),
(553, 1),
(554, 1),
(555, 1),
(556, 1),
(557, 1),
(558, 1),
(559, 1),
(560, 1),
(561, 1),
(562, 1),
(563, 1),
(564, 1),
(565, 1),
(566, 1),
(567, 1),
(568, 1),
(569, 1),
(570, 1),
(571, 1),
(572, 1),
(573, 1),
(574, 1),
(575, 1),
(576, 1),
(577, 1),
(578, 1),
(579, 1),
(580, 1),
(581, 1),
(582, 1),
(583, 1),
(584, 1),
(585, 1),
(586, 1),
(587, 1),
(588, 1),
(589, 1),
(590, 1),
(591, 1),
(592, 1),
(593, 1),
(594, 1),
(595, 1),
(596, 1),
(597, 1),
(598, 1),
(599, 1),
(600, 1),
(601, 1),
(602, 1),
(603, 1),
(604, 1),
(605, 1),
(606, 1),
(607, 1),
(608, 1),
(609, 1),
(610, 1),
(611, 1),
(612, 1),
(613, 1),
(614, 1),
(615, 1),
(616, 1),
(617, 1),
(618, 1),
(619, 1),
(620, 1),
(621, 1),
(622, 1),
(623, 1),
(624, 1),
(625, 1),
(626, 1),
(627, 1),
(628, 1),
(629, 1);

--
-- Indexes for dumped tables
--

--
-- Indexes for table `acceleration_data`
--
ALTER TABLE `acceleration_data`
  ADD PRIMARY KEY (`data_ID`);

--
-- Indexes for table `gps_data`
--
ALTER TABLE `gps_data`
  ADD PRIMARY KEY (`data_ID`);

--
-- Indexes for table `gyroscope_data`
--
ALTER TABLE `gyroscope_data`
  ADD PRIMARY KEY (`data_ID`);

--
-- Indexes for table `sensor_data`
--
ALTER TABLE `sensor_data`
  ADD PRIMARY KEY (`data_ID`),
  ADD KEY `idx_data_ID` (`data_ID`);

--
-- Indexes for table `voltage_data`
--
ALTER TABLE `voltage_data`
  ADD PRIMARY KEY (`data_ID`);

--
-- Constraints for dumped tables
--

--
-- Constraints for table `acceleration_data`
--
ALTER TABLE `acceleration_data`
  ADD CONSTRAINT `acceleration_data_ibfk_1` FOREIGN KEY (`data_ID`) REFERENCES `sensor_data` (`data_ID`);

--
-- Constraints for table `gps_data`
--
ALTER TABLE `gps_data`
  ADD CONSTRAINT `gps_data_ibfk_1` FOREIGN KEY (`data_ID`) REFERENCES `sensor_data` (`data_ID`),
  ADD CONSTRAINT `gps_data_ibfk_2` FOREIGN KEY (`data_ID`) REFERENCES `sensor_data` (`data_ID`);

--
-- Constraints for table `gyroscope_data`
--
ALTER TABLE `gyroscope_data`
  ADD CONSTRAINT `gyroscope_data_ibfk_1` FOREIGN KEY (`data_ID`) REFERENCES `sensor_data` (`data_ID`);

--
-- Constraints for table `voltage_data`
--
ALTER TABLE `voltage_data`
  ADD CONSTRAINT `voltage_data_ibfk_1` FOREIGN KEY (`data_ID`) REFERENCES `sensor_data` (`data_ID`);
COMMIT;

/*!40101 SET CHARACTER_SET_CLIENT=@OLD_CHARACTER_SET_CLIENT */;
/*!40101 SET CHARACTER_SET_RESULTS=@OLD_CHARACTER_SET_RESULTS */;
/*!40101 SET COLLATION_CONNECTION=@OLD_COLLATION_CONNECTION */;
